PAC,Account Name (CN),Address,CITY,CONTACT ,NOTES,Next Steps,SkinPen Notes,Brand,1Q24,2Q24,3Q24,4Q24,1Q25,2Q25,,,,,,,,,,,,,,,,,,,,,,,,,,,
Bobbie Koon,,,,,,,,SKINPEN,,,,"$5,228","$15,191","$6,468",,,,,,,,,,,,,,,,,,,,,,,,,,,
Bobbie Koon,4Everyoung Anti Aging Solutions (CN246039),,,,,,,SKINPEN,,"$1,728","$1,728","$1,728","$1,728",$0,,,,,,,,,,,,,,,,,,,,,,,,,,,
Bobbie Koon,Adore Aesthetics (CN282719),,,,,,,SKINPEN,,$0,$0,"$3,216","$1,728",,,,,,,,,,,,,,,,,,,,,,,,,,,,
Bobbie Koon,Advanced Dermatology of the Midlands (CN047878),,,,,,,SKINPEN,,"$1,728","$1,728","$1,728","$1,728","$1,728",,,,,,,,,,,,,,,,,,,,,,,,,,,
Bobbie Koon,Advanced Skin and Body Aesthetics (CN282767),,,,,,,SKINPEN,,,,"$5,228",,,,,,,,,,,,,,,,,,,,,,,,,,,,,
Bobbie Koon,Ageless Skin Co. (CN180974),,,,,,,SKINPEN,,"$3,456","$3,456","$4,944","$5,184","$5,223",,,,,,,,,,,,,,,,,,,,,,,,,,,
Bobbie Koon,Allerica Aesthetics (CN200601),,,,,,,SKINPEN,,"$1,728",,,"$3,504","$3,504",,,,,,,,,,,,,,,,,,,,,,,,,,,
Bobbie Koon,Allure Health & Med Spa (CN198909),,,,,,,SKINPEN,,$984,$984,$984,$984,$984,,,,,,,,,,,,,,,,,,,,,,,,,,,
Bobbie Koon,Aspire MD (CN283249),,,,,,,SKINPEN,,,,,,"$1,728",,,,,,,,,,,,,,,,,,,,,,,,,,,
Bobbie Koon,Bare Body Shop (CN278925),,,,,,,SKINPEN,,"$1,968","$1,968",$984,"$2,952",$984,,,,,,,,,,,,,,,,,,,,,,,,,,,
Bobbie Koon,Beauty on the Bricks (CN283442),,,,,,,SKINPEN,,,$984,$984,,"$1,872",,,,,,,,,,,,,,,,,,,,,,,,,,,
Bobbie Koon,"Bessmer, PC (CN283709)",,,,,,,SKINPEN,,,,,"$1,728",,,,,,,,,,,,,,,,,,,,,,,,,,,,
Bobbie Koon,"Braddock Finnegan Dermatology, P.C. (CN048029)",,,,,,,SKINPEN,,"$5,184","$5,184","$1,728","$5,184","$5,184",,,,,,,,,,,,,,,,,,,,,,,,,,,
Bobbie Koon,Bridge City Beauty Bar (CN283930),,,,,,,SKINPEN,,$984,,$984,,$984,,,,,,,,,,,,,,,,,,,,,,,,,,,
Bobbie Koon,Celestial Aesthetics (CN284077),,,,,,,SKINPEN,,,,"$7,723","$1,872",$0,,,,,,,,,,,,,,,,,,,,,,,,,,,
Bobbie Koon,Chapter Aesthetic Studio (CN268191),,,,,,,SKINPEN,,,,,$804,,,,,,,,,,,,,,,,,,,,,,,,,,,,
Bobbie Koon,CHI Health Elkhorn Dermatology (CN284142),,,,,,,SKINPEN,,,,,"$5,995",$984,,,,,,,,,,,,,,,,,,,,,,,,,,,
Bobbie Koon,Cicily's Aesthetics (CN258029),,,,,,,SKINPEN,,"$5,859","$3,504",,,"$3,504",,,,,,,,,,,,,,,,,,,,,,,,,,,
Bobbie Koon,Conklin Clinics (CN180128),,,,,,,SKINPEN,,"$6,432","$6,432","$3,216","$6,432","$10,896",,,,,,,,,,,,,,,,,,,,,,,,,,,
Bobbie Koon,Cozad Medical Clinic (CN284342),,,,,,,SKINPEN,,,,,"$1,968",,,,,,,,,,,,,,,,,,,,,,,,,,,,
Bobbie Koon,Daydreams Medspa (CN247325),,,,,,,SKINPEN,,,,$984,,,,,,,,,,,,,,,,,,,,,,,,,,,,,
Bobbie Koon,Dermatology Specialists of Omaha LLC (CN047897),,,,,,,SKINPEN,"$2,592",,,"$3,500",,"$3,216",,,,,,,,,,,,,,,,,,,,,,,,,,,
Bobbie Koon,Elan Medical Aesthetic (CN285231),,,,,,,SKINPEN,,,,,$984,,,,,,,,,,,,,,,,,,,,,,,,,,,,
Bobbie Koon,Elevate Recovery and Medspa (CN220468),,,,,,,SKINPEN,,"$6,528","$5,952","$7,000","$3,504","$3,744",,,,,,,,,,,,,,,,,,,,,,,,,,,
Bobbie Koon,Elite Aesthetics By Jackie (CN259838),,,,,,,SKINPEN,,,,,"$1,872",,,,,,,,,,,,,,,,,,,,,,,,,,,,
Bobbie Koon,Eucalyptus Day Spa (CN285446),,,,,,,SKINPEN,,$984,,"$1,872",,$984,,,,,,,,,,,,,,,,,,,,,,,,,,,
Bobbie Koon,Euphoria Health (CN285449),,,,,,,SKINPEN,,,"$1,872",,,,,,,,,,,,,,,,,,,,,,,,,,,,,,
Bobbie Koon,Faces (CN285530),,,,,,,SKINPEN,,$984,,$984,"$1,968","$2,952",,,,,,,,,,,,,,,,,,,,,,,,,,,
Bobbie Koon,Faces by Meghann (CN285555),,,,,,,SKINPEN,,,,"$5,228",,,,,,,,,,,,,,,,,,,,,,,,,,,,,
Bobbie Koon,Facetime with Ronda (CN177454),,,,,,,SKINPEN,,$984,,"$1,728",,,,,,,,,,,,,,,,,,,,,,,,,,,,,
Bobbie Koon,Finesse Omaha (CN285630),,,,,,,SKINPEN,,"$3,216","$3,216",$0,"$3,216","$3,216",,,,,,,,,,,,,,,,,,,,,,,,,,,
Bobbie Koon,Fox Esthetics (CN268943),,,,,,,SKINPEN,,$984,$0,$984,$984,$984,,,,,,,,,,,,,,,,,,,,,,,,,,,
Bobbie Koon,"Geoffrey C Basler, MD (CN284263)",,,,,,,SKINPEN,,,$984,,$984,,,,,,,,,,,,,,,,,,,,,,,,,,,,
Bobbie Koon,Golden Hour Skin Clinic (CN286191),,,,,,,SKINPEN,,"$4,495","$3,456","$1,728","$3,456","$5,184",,,,,,,,,,,,,,,,,,,,,,,,,,,
Bobbie Koon,Golden Rule Skin Clinic P.C. (CN221912),,,,,,,SKINPEN,,$984,"$3,172","$2,952","$1,968",,,,,,,,,,,,,,,,,,,,,,,,,,,,
Bobbie Koon,Grand Island Dermatology PC (CN183113),,,,,,,SKINPEN,,,,"$3,500","$1,872","$3,504",,,,,,,,,,,,,,,,,,,,,,,,,,,
Bobbie Koon,Ideal Image - National Account (CN011814),,,,,,,SKINPEN,,,"$4,983",$240,"$1,488",$240,,,,,,,,,,,,,,,,,,,,,,,,,,,
Bobbie Koon,Jacobson Cosmetic Surgery (CN286609),,,,,,,SKINPEN,,"$1,728",,"$1,728","$1,728","$1,728",,,,,,,,,,,,,,,,,,,,,,,,,,,
Bobbie Koon,Katniss Clinic (CN282393),,,,,,,SKINPEN,,,,,"$7,223",,,,,,,,,,,,,,,,,,,,,,,,,,,,
Bobbie Koon,Kendall Esthetics (CN186461),,,,,,,SKINPEN,,"$3,696","$1,728",,,"$1,728",,,,,,,,,,,,,,,,,,,,,,,,,,,
Bobbie Koon,Lifetime Fitness (CN066403),,,,,,,SKINPEN,,$864,$864,"$16,592","$1,728",$0,,,,,,,,,,,,,,,,,,,,,,,,,,,
Bobbie Koon,LiveWell Medical Aesthetics (CN208950),,,,,,,SKINPEN,,"$5,184","$1,728","$3,456","$1,728","$3,456",,,,,,,,,,,,,,,,,,,,,,,,,,,
Bobbie Koon,LJ Aesthetics (CN278412),,,,,,,SKINPEN,,"$1,728",,"$3,500",,"$3,504",,,,,,,,,,,,,,,,,,,,,,,,,,,
Bobbie Koon,LLB Laser LLC dba PHC Aesthetics (CN287134),,,,,,,SKINPEN,,,,"$7,867",$0,,,,,,,,,,,,,,,,,,,,,,,,,,,,
Bobbie Koon,Lucere Aesthetics (CN281253),,,,,,,SKINPEN,,,,"$7,723",$0,$0,,,,,,,,,,,,,,,,,,,,,,,,,,,
Bobbie Koon,Meliora Medspa (CN287472),,,,,,,SKINPEN,,,$842,,,,,,,,,,,,,,,,,,,,,,,,,,,,,,
Bobbie Koon,Midwest Dermatology Clinic (CN047893),,,,,,,SKINPEN,,"$1,728","$3,216","$10,216","$1,728","$1,728",,,,,,,,,,,,,,,,,,,,,,,,,,,
Bobbie Koon,Mirage MedSpa (CN287570),,,,,,,SKINPEN,,$984,$984,,"$3,500",,,,,,,,,,,,,,,,,,,,,,,,,,,,
Bobbie Koon,"Monument Health Rapid City Hospital, Inc. (CN288475)",,,,,,,SKINPEN,,"$1,968",,"$7,196",$984,"$2,388",,,,,,,,,,,,,,,,,,,,,,,,,,,
Bobbie Koon,Mosaic Medicine PLLC (CN287658),,,,,,,SKINPEN,,"$5,979",,"$3,216",,,,,,,,,,,,,,,,,,,,,,,,,,,,,
Bobbie Koon,"Moxie Partners, Inc. - National Account (CN208293)",,,,,,,SKINPEN,,,,,"$5,495",,,,,,,,,,,,,,,,,,,,,,,,,,,,
Bobbie Koon,NATURAL U AESTHETICS (CN287738),,,,,,,SKINPEN,,"$2,952",,"$1,968",,,,,,,,,,,,,,,,,,,,,,,,,,,,,
Bobbie Koon,Nebraska Medicine (CN290135),,,,,,,SKINPEN,,"$1,728","$6,672","$12,184","$4,660","$3,504",,,,,,,,,,,,,,,,,,,,,,,,,,,
Bobbie Koon,NEBRASKIN AESTHETICS (CN287767),,,,,,,SKINPEN,,"$4,495",,,,,,,,,,,,,,,,,,,,,,,,,,,,,,,
Bobbie Koon,NuLife Health and Wellness (CN259181),,,,,,,SKINPEN,"$4,495",$0,,$984,,,,,,,,,,,,,,,,,,,,,,,,,,,,,
Bobbie Koon,Omaha Face (CN287999),,,,,,,SKINPEN,,$984,$984,$984,$984,,,,,,,,,,,,,,,,,,,,,,,,,,,,
Bobbie Koon,Omaha Med Spa (CN288000),,,,,,,SKINPEN,,,"$4,495",,,,,,,,,,,,,,,,,,,,,,,,,,,,,,
Bobbie Koon,Panneton Dental Group (CN290661),,,,,,,SKINPEN,,,,$984,,,,,,,,,,,,,,,,,,,,,,,,,,,,,
Bobbie Koon,Premier Wellness (CN288278),,,,,,,SKINPEN,,,"$3,216",$0,"$3,500",,,,,,,,,,,,,,,,,,,,,,,,,,,,
Bobbie Koon,Pure Beauty by Paige (CN288397),,,,,,,SKINPEN,,"$5,479",$984,$220,,,,,,,,,,,,,,,,,,,,,,,,,,,,,
Bobbie Koon,Rejuve Prof LLC (CN288599),,,,,,,SKINPEN,,$0,,"$1,968",,,,,,,,,,,,,,,,,,,,,,,,,,,,,
Bobbie Koon,Renew Medical Aesthetics (CN288676),,,,,,,SKINPEN,,"$5,979",$0,"$1,872",,,,,,,,,,,,,,,,,,,,,,,,,,,,,
Bobbie Koon,RENEW WELLNESS (CN288646),,,,,,,SKINPEN,,,,,"$1,728",,,,,,,,,,,,,,,,,,,,,,,,,,,,
Bobbie Koon,Skin MD Laser & Aesthetics (CN271726),,,,,,,SKINPEN,,,,,"$1,968",,,,,,,,,,,,,,,,,,,,,,,,,,,,
Bobbie Koon,Skin Philosophy (CN289333),,,,,,,SKINPEN,,,$0,"$1,872",,,,,,,,,,,,,,,,,,,,,,,,,,,,,
Bobbie Koon,SkynDeep MedSpa (CN065715),,,,,,,SKINPEN,,"$1,872",$220,,"$1,872",,,,,,,,,,,,,,,,,,,,,,,,,,,,
Bobbie Koon,Smile Innovations Dentistry (CN290638),,,,,,,SKINPEN,,,,,,"$1,728",,,,,,,,,,,,,,,,,,,,,,,,,,,
Bobbie Koon,Stover Aesthetics (CN160239),,,,,,,SKINPEN,,,,,"$1,728",,,,,,,,,,,,,,,,,,,,,,,,,,,,
Bobbie Koon,Sublime Aesthetic Professionals (CN173188),,,,,,,SKINPEN,,,,,"$4,500",,,,,,,,,,,,,,,,,,,,,,,,,,,,
Bobbie Koon,Sunshine Medical Aesthetics (CN289665),,,,,,,SKINPEN,,"$1,968",$0,,,"$1,968",,,,,,,,,,,,,,,,,,,,,,,,,,,
Bobbie Koon,Vitalize Health LLC (CN290346),,,,,,,SKINPEN,,,,,,$984,,,,,,,,,,,,,,,,,,,,,,,,,,,
Bobbie Koon,Wellity (CN290457),,,,,,,SKINPEN,$0,,,"$3,500",,"$3,504",,,,,,,,,,,,,,,,,,,,,,,,,,,
Bobbie Koon,"West Omaha Dermatology, LLC (CN290482)",,,,,,,SKINPEN,,,,"$5,228",$0,$0,,,,,,,,,,,,,,,,,,,,,,,,,,,
Bobbie Koon,Total,,,,,,,,"$7,087","$98,526","$75,536","$162,633","$124,332","$94,287",,,,,,,,,,,,,,,,,,,,,,,,,,,
Brooklynne Woolslayer,,,,,,,,SKINPEN,,"$9,819","$6,463","$10,652","$6,648","$4,824",,,,,,,,,,,,,,,,,,,,,,,,,,,
Brooklynne Woolslayer,Acacia Spa (CN011984),,,,,,,SKINPEN,,"$1,728",,,$984,,,,,,,,,,,,,,,,,,,,,,,,,,,,
Brooklynne Woolslayer,ADA AESTHETICS MEDI SPA (CN239009),,,,,,,SKINPEN,,,"$3,696",,,$984,,,,,,,,,,,,,,,,,,,,,,,,,,,
Brooklynne Woolslayer,Advanced Dermatology & Skin Cancer Center (CN044334),,,,,,,SKINPEN,,,,,,"$1,872",,,,,,,,,,,,,,,,,,,,,,,,,,,
Brooklynne Woolslayer,Aesthetic State of Mind (CN176486),,,,,,,SKINPEN,,$0,,"$7,004",,,,,,,,,,,,,,,,,,,,,,,,,,,,,
Brooklynne Woolslayer,Aesthetica (CN232987),,,,,,,SKINPEN,,,,"$3,456",$0,,,,,,,,,,,,,,,,,,,,,,,,,,,,
Brooklynne Woolslayer,Aesthetics by Lillian (CN282855),,,,,,,SKINPEN,,"$5,859",,,,,,,,,,,,,,,,,,,,,,,,,,,,,,,
Brooklynne Woolslayer,AFFINITY DAY SPA (CN282883),,,,,,,SKINPEN,,"$4,495","$3,936","$3,696","$6,408","$3,840",,,,,,,,,,,,,,,,,,,,,,,,,,,
Brooklynne Woolslayer,Ageless with Allison (CN283323),,,,,,,SKINPEN,,,"$4,495",,$0,,,,,,,,,,,,,,,,,,,,,,,,,,,,
Brooklynne Woolslayer,ALIGN INJECTABLE AESTHETICS (CN066753),,,,,,,SKINPEN,,,,,,"$1,728",,,,,,,,,,,,,,,,,,,,,,,,,,,
Brooklynne Woolslayer,"Allure Aesthetics by Elizabeth, LLC (CN282991)",,,,,,,SKINPEN,,,,$984,,$984,,,,,,,,,,,,,,,,,,,,,,,,,,,
Brooklynne Woolslayer,Althea Medical Spa (CN246085),,,,,,,SKINPEN,,$984,"$1,728",$0,$984,"$1,728",,,,,,,,,,,,,,,,,,,,,,,,,,,
Brooklynne Woolslayer,Andrea Aesthetics (CN283120),,,,,,,SKINPEN,,$0,$984,$984,$984,,,,,,,,,,,,,,,,,,,,,,,,,,,,
Brooklynne Woolslayer,Anointed Medical Well Spa (CN235885),,,,,,,SKINPEN,,$984,,,$984,,,,,,,,,,,,,,,,,,,,,,,,,,,,
Brooklynne Woolslayer,Aspire Medical Aesthetics (CN271102),,,,,,,SKINPEN,,,,,$984,,,,,,,,,,,,,,,,,,,,,,,,,,,,
Brooklynne Woolslayer,BA Med Spa (CN283351),,,,,,,SKINPEN,,$984,$984,$984,$984,$984,,,,,,,,,,,,,,,,,,,,,,,,,,,
Brooklynne Woolslayer,Beauty Bar 34 (CN283464),,,,,,,SKINPEN,,,$0,$0,,,,,,,,,,,,,,,,,,,,,,,,,,,,,
Brooklynne Woolslayer,Beauty by Kaitlyn LC (CN283400),,,,,,,SKINPEN,,,"$4,995",,$984,,,,,,,,,,,,,,,,,,,,,,,,,,,,
Brooklynne Woolslayer,Blank Med Spa (CN196632),,,,,,,SKINPEN,,$984,$984,$984,$984,"$1,968",,,,,,,,,,,,,,,,,,,,,,,,,,,
Brooklynne Woolslayer,"Blessings by Design, LLC (CN283793)",,,,,,,SKINPEN,,$984,"$1,728",,$984,$984,,,,,,,,,,,,,,,,,,,,,,,,,,,
Brooklynne Woolslayer,BOTOX & CO. MED SPA & DAY SPA (CN238367),,,,,,,SKINPEN,,$984,,"$1,968",,$984,,,,,,,,,,,,,,,,,,,,,,,,,,,
Brooklynne Woolslayer,"Cleanse, LLC (CN284196)",,,,,,,SKINPEN,,$0,,$0,$984,,,,,,,,,,,,,,,,,,,,,,,,,,,,
Brooklynne Woolslayer,CORA Med HRT & Regeneration Center (CN284310),,,,,,,SKINPEN,,,,,"$3,840","$1,872",,,,,,,,,,,,,,,,,,,,,,,,,,,
Brooklynne Woolslayer,Dahlia Aesthetics by WHA (CN161949),,,,,,,SKINPEN,,"$1,968","$1,968","$1,968","$3,936","$1,968",,,,,,,,,,,,,,,,,,,,,,,,,,,
Brooklynne Woolslayer,Dariana Aesthetics (CN282871),,,,,,,SKINPEN,,,,$984,$0,,,,,,,,,,,,,,,,,,,,,,,,,,,,
Brooklynne Woolslayer,Dermatology & Laser Center Of OK (CN284490),,,,,,,SKINPEN,,,,,,"$1,728",,,,,,,,,,,,,,,,,,,,,,,,,,,
Brooklynne Woolslayer,DIVINE HEALTH & WELLNESS (CN284600),,,,,,,SKINPEN,,$0,,,,,,,,,,,,,,,,,,,,,,,,,,,,,,,
Brooklynne Woolslayer,Elevatemed Wellness (CN285268),,,,,,,SKINPEN,,,"$4,995",,,,,,,,,,,,,,,,,,,,,,,,,,,,,,
Brooklynne Woolslayer,Elite Advanced Medical Spa (CN285026),,,,,,,SKINPEN,,"$1,728",,"$1,728",,,,,,,,,,,,,,,,,,,,,,,,,,,,,
Brooklynne Woolslayer,Elysian Aesthetics Center (CN246575),,,,,,,SKINPEN,,,,"$3,456",,,,,,,,,,,,,,,,,,,,,,,,,,,,,
Brooklynne Woolslayer,"EMERALD AESTHETICS, WELLNESS & DIRECT PRIMARY CARE: MEDICAL SPA (CN217331)",,,,,,,SKINPEN,,$984,,$984,"$1,968",$984,,,,,,,,,,,,,,,,,,,,,,,,,,,
Brooklynne Woolslayer,Emerge Medical Spa (CN285332),,,,,,,SKINPEN,,"$3,216","$3,216","$3,216","$6,912","$3,216",,,,,,,,,,,,,,,,,,,,,,,,,,,
Brooklynne Woolslayer,Esthetically Yours LLC (CN285427),,,,,,,SKINPEN,,,,,$984,,,,,,,,,,,,,,,,,,,,,,,,,,,,
Brooklynne Woolslayer,Evolve Esthetics (CN285486),,,,,,,SKINPEN,,,,,,$984,,,,,,,,,,,,,,,,,,,,,,,,,,,
Brooklynne Woolslayer,Evolve Medical Aesthetics (CN270275),,,,,,,SKINPEN,,,,,"$5,484",,,,,,,,,,,,,,,,,,,,,,,,,,,,
Brooklynne Woolslayer,Ferrell-Duncan Clinic (CN052698),,,,,,,SKINPEN,,"$6,528","$6,528","$6,528","$6,528","$1,872",,,,,,,,,,,,,,,,,,,,,,,,,,,
Brooklynne Woolslayer,FIG Medical Spa (CN184144),,,,,,,SKINPEN,,"$1,728","$1,728","$1,968","$1,968",$984,,,,,,,,,,,,,,,,,,,,,,,,,,,
Brooklynne Woolslayer,Fox Esthetics (CN285718),,,,,,,SKINPEN,,,"$7,723","$1,728",$0,,,,,,,,,,,,,,,,,,,,,,,,,,,,
Brooklynne Woolslayer,Glogetter Aesthetics (CN286175),,,,,,,SKINPEN,,,"$5,979",,"$1,728",,,,,,,,,,,,,,,,,,,,,,,,,,,,
Brooklynne Woolslayer,Glo'tologi Med Spa (CN286169),,,,,,,SKINPEN,,$0,$0,,,,,,,,,,,,,,,,,,,,,,,,,,,,,,
Brooklynne Woolslayer,Glow Medical Aesthetics (Tulsa) (CN162592),,,,,,,SKINPEN,,"$3,456","$3,456",,,$0,,,,,,,,,,,,,,,,,,,,,,,,,,,
Brooklynne Woolslayer,Hobbs Salon + Med Spa (CN221171),,,,,,,SKINPEN,,$984,"$3,936",,"$3,944",,,,,,,,,,,,,,,,,,,,,,,,,,,,
Brooklynne Woolslayer,"Holistic Beauty Nurse, LLC (CN223463)",,,,,,,SKINPEN,,,"$1,728",,"$1,968",,,,,,,,,,,,,,,,,,,,,,,,,,,,
Brooklynne Woolslayer,Hull Dermatology & Aesthetics (CN284819),,,,,,,SKINPEN,,,,"$7,000","$3,456","$1,848",,,,,,,,,,,,,,,,,,,,,,,,,,,
Brooklynne Woolslayer,Ideal Image - National Account (CN011814),,,,,,,SKINPEN,,,"$9,966",$720,$0,,,,,,,,,,,,,,,,,,,,,,,,,,,,
Brooklynne Woolslayer,INSPIRE WELLNESS HYDRATION AND AESTHETICS (CN286546),,,,,,,SKINPEN,,,"$1,728",,,,,,,,,,,,,,,,,,,,,,,,,,,,,,
Brooklynne Woolslayer,Jara Herron Medical Spa (CN286632),,,,,,,SKINPEN,,"$1,728",,"$1,968","$2,712",$984,,,,,,,,,,,,,,,,,,,,,,,,,,,
Brooklynne Woolslayer,Johnson Dermatology (CN042951),,,,,,,SKINPEN,,"$8,928",,"$22,884","$8,928","$8,928",,,,,,,,,,,,,,,,,,,,,,,,,,,
Brooklynne Woolslayer,"JW HOLLAND WELLNESS, LLC (CN286741)",,,,,,,SKINPEN,,"$5,479",,,"$1,968",$984,,,,,,,,,,,,,,,,,,,,,,,,,,,
Brooklynne Woolslayer,Kelamis Plastic Surgery (CN196670),,,,,,,SKINPEN,,,,,,"$3,696",,,,,,,,,,,,,,,,,,,,,,,,,,,
Brooklynne Woolslayer,Kreitzberg Plastic Surgery (CN174486),,,,,,,SKINPEN,,,,"$3,936",,,,,,,,,,,,,,,,,,,,,,,,,,,,,
Brooklynne Woolslayer,LA BOUSSOLE Medical spa and wellness center (CN201088),,,,,,,SKINPEN,,,,"$3,500","$3,216",,,,,,,,,,,,,,,,,,,,,,,,,,,,
Brooklynne Woolslayer,Lennox Aesthetics (CN287057),,,,,,,SKINPEN,,,,,$0,,,,,,,,,,,,,,,,,,,,,,,,,,,,
Brooklynne Woolslayer,LIL SAUCIE BROWS (CN287093),,,,,,,SKINPEN,,,"$4,995","$1,728",,,,,,,,,,,,,,,,,,,,,,,,,,,,,
Brooklynne Woolslayer,LINDSAY DILBECK (CN238398),,,,,,,SKINPEN,,"$1,872","$7,488","$5,256","$10,744",,,,,,,,,,,,,,,,,,,,,,,,,,,,
Brooklynne Woolslayer,Love Aesthetics (CN287180),,,,,,,SKINPEN,,,,,"$1,728",,,,,,,,,,,,,,,,,,,,,,,,,,,,
Brooklynne Woolslayer,Lux Beauty (CN287255),,,,,,,SKINPEN,,,,$984,,$984,,,,,,,,,,,,,,,,,,,,,,,,,,,
Brooklynne Woolslayer,Marshfield Family Clinic (CN287336),,,,,,,SKINPEN,,,,,$220,,,,,,,,,,,,,,,,,,,,,,,,,,,,
Brooklynne Woolslayer,MD Hair Labs (CN286260),,,,,,,SKINPEN,,"$1,728","$3,456","$5,184","$5,184","$3,456",,,,,,,,,,,,,,,,,,,,,,,,,,,
Brooklynne Woolslayer,Mercy Clinic Plastic and Hand Surgery (CN240368),,,,,,,SKINPEN,,,,"$5,952","$5,184",,,,,,,,,,,,,,,,,,,,,,,,,,,,
Brooklynne Woolslayer,Mercy Health MC Fort Smith (CN287482),,,,,,,SKINPEN,,$220,,,,,,,,,,,,,,,,,,,,,,,,,,,,,,,
Brooklynne Woolslayer,Natalie Keen Skin LLC (CN287743),,,,,,,SKINPEN,,,$984,,,,,,,,,,,,,,,,,,,,,,,,,,,,,,
Brooklynne Woolslayer,Nettie J's Beauty & Botox Parlor (CN287780),,,,,,,SKINPEN,,"$1,872","$1,872","$23,452",$0,$0,,,,,,,,,,,,,,,,,,,,,,,,,,,
Brooklynne Woolslayer,Northwest Arkansas Center for Plastic Surgery and Skin Care (CN157225),,,,,,,SKINPEN,,"$4,824",,"$3,216","$4,824","$5,808",,,,,,,,,,,,,,,,,,,,,,,,,,,
Brooklynne Woolslayer,NWA BODY BALANCE (CN287953),,,,,,,SKINPEN,,,,"$5,228","$1,968",$0,,,,,,,,,,,,,,,,,,,,,,,,,,,
Brooklynne Woolslayer,Oasis Salon & Day Spa (CN287967),,,,,,,SKINPEN,,$984,$984,"$3,500","$8,880",,,,,,,,,,,,,,,,,,,,,,,,,,,,
Brooklynne Woolslayer,Onyx Aesthetics and Wellness (CN288031),,,,,,,SKINPEN,,,$0,"$1,968","$3,936",,,,,,,,,,,,,,,,,,,,,,,,,,,,
Brooklynne Woolslayer,ORR MEDSPA (CN229125),,,,,,,SKINPEN,,"$1,728",,,"$1,872","$1,872",,,,,,,,,,,,,,,,,,,,,,,,,,,
Brooklynne Woolslayer,Ozarks Facial Plastic Surgery & Aesthetics (CN041352),,,,,,,SKINPEN,,"$1,728",,,"$1,728",,,,,,,,,,,,,,,,,,,,,,,,,,,,
Brooklynne Woolslayer,"Paige L Davis, DNP, APRN Wellness & Weight Loss (CN288089)",,,,,,,SKINPEN,,,,,"$1,968",,,,,,,,,,,,,,,,,,,,,,,,,,,,
Brooklynne Woolslayer,"Parlour 4 Med Studio, LLC (CN288118)",,,,,,,SKINPEN,,"$5,746",,,,,,,,,,,,,,,,,,,,,,,,,,,,,,,
Brooklynne Woolslayer,Plastic Surgery Center of Tulsa (CN044641),,,,,,,SKINPEN,,,$984,$984,"$2,952",$984,,,,,,,,,,,,,,,,,,,,,,,,,,,
Brooklynne Woolslayer,Plump d Injectables and Beauty Bar (CN186326),,,,,,,SKINPEN,,"$1,728",,,,"$1,728",,,,,,,,,,,,,,,,,,,,,,,,,,,
Brooklynne Woolslayer,PRC REJUVENATION CENTER (CN238400),,,,,,,SKINPEN,,,,,"$1,728",,,,,,,,,,,,,,,,,,,,,,,,,,,,
Brooklynne Woolslayer,Premier Dermatology (CN043633),,,,,,,SKINPEN,,"$24,870","$3,216","$9,168","$17,808","$8,928",,,,,,,,,,,,,,,,,,,,,,,,,,,
Brooklynne Woolslayer,"Prism Aesthetics, LLC (CN198599)",,,,,,,SKINPEN,,"$1,728",$0,"$9,679","$5,952","$5,952",,,,,,,,,,,,,,,,,,,,,,,,,,,
Brooklynne Woolslayer,Prominence Medspa (CN226610),,,,,,,SKINPEN,,,$984,"$1,968",,,,,,,,,,,,,,,,,,,,,,,,,,,,,
Brooklynne Woolslayer,Providence Aesthetics and Medical Spa (CN228799),,,,,,,SKINPEN,,,,"$8,729","$3,504","$7,008",,,,,,,,,,,,,,,,,,,,,,,,,,,
Brooklynne Woolslayer,"PULSE HEALTH AND WELLNESS, LLC (CN288351)",,,,,,,SKINPEN,,,"$6,979",$240,"$1,968",,,,,,,,,,,,,,,,,,,,,,,,,,,,
Brooklynne Woolslayer,PURE AESTHETICS (CN288404),,,,,,,SKINPEN,,,,,"$3,504",,,,,,,,,,,,,,,,,,,,,,,,,,,,
Brooklynne Woolslayer,Pure Esthetics (CN288364),,,,,,,SKINPEN,,,$984,$984,,,,,,,,,,,,,,,,,,,,,,,,,,,,,
Brooklynne Woolslayer,Pure Skin and Aesthetics (CN212854),,,,,,,SKINPEN,,"$1,728","$1,728","$6,452","$2,952","$2,952",,,,,,,,,,,,,,,,,,,,,,,,,,,
Brooklynne Woolslayer,Radiance By Roller (CN175437),,,,,,,SKINPEN,,,"$1,872",,"$1,728",$0,,,,,,,,,,,,,,,,,,,,,,,,,,,
Brooklynne Woolslayer,Rejuvenated Medical Spa (CN178031),,,,,,,SKINPEN,,"$1,728","$1,728","$5,228",,,,,,,,,,,,,,,,,,,,,,,,,,,,,
Brooklynne Woolslayer,RELAX & RENEW SPA (CN288609),,,,,,,SKINPEN,,,,"$5,228",$0,$0,,,,,,,,,,,,,,,,,,,,,,,,,,,
Brooklynne Woolslayer,"Renew + Revive, PLLC. (CN210940)",,,,,,,SKINPEN,,,$984,,$984,$984,,,,,,,,,,,,,,,,,,,,,,,,,,,
Brooklynne Woolslayer,Renew Aesthetics (CN160687),,,,,,,SKINPEN,,$0,"$1,728","$1,728",,"$1,872",,,,,,,,,,,,,,,,,,,,,,,,,,,
Brooklynne Woolslayer,REVAMPED AESTHETICS (CN288755),,,,,,,SKINPEN,,$984,,$984,,$984,,,,,,,,,,,,,,,,,,,,,,,,,,,
Brooklynne Woolslayer,Revitalize Medical Spa (CN288745),,,,,,,SKINPEN,,$984,$0,$984,"$6,447",,,,,,,,,,,,,,,,,,,,,,,,,,,,
Brooklynne Woolslayer,Revive Medical Spa (CN288716),,,,,,,SKINPEN,,"$8,431","$5,904","$5,808","$7,632","$1,968",,,,,,,,,,,,,,,,,,,,,,,,,,,
Brooklynne Woolslayer,"SALON FUSION, LLC (CN288901)",,,,,,,SKINPEN,,,,,$0,,,,,,,,,,,,,,,,,,,,,,,,,,,,
Brooklynne Woolslayer,Selena Garcia Skin LLC (CN288910),,,,,,,SKINPEN,,,,"$5,228",$0,,,,,,,,,,,,,,,,,,,,,,,,,,,,
Brooklynne Woolslayer,Serenity Now Spa (CN289045),,,,,,,SKINPEN,,"$1,728","$3,216","$1,728","$1,728",,,,,,,,,,,,,,,,,,,,,,,,,,,,
Brooklynne Woolslayer,Simplee Skin (CN289119),,,,,,,SKINPEN,,$0,,"$6,452",,,,,,,,,,,,,,,,,,,,,,,,,,,,,
Brooklynne Woolslayer,Simply Ageless by Dani (CN289121),,,,,,,SKINPEN,,,$984,,,,,,,,,,,,,,,,,,,,,,,,,,,,,,
Brooklynne Woolslayer,Skin Care Institute (CN061287),,,,,,,SKINPEN,,"$10,608","$4,680","$16,240","$9,240","$8,040",,,,,,,,,,,,,,,,,,,,,,,,,,,
Brooklynne Woolslayer,Skin Wise (CN289237),,,,,,,SKINPEN,,"$2,712","$1,728",,,,,,,,,,,,,,,,,,,,,,,,,,,,,,
Brooklynne Woolslayer,Skin Wise Aesthetics (CN289360),,,,,,,SKINPEN,,,"$4,995",,,$0,,,,,,,,,,,,,,,,,,,,,,,,,,,
Brooklynne Woolslayer,Soul Aesthetics (CN171328),,,,,,,SKINPEN,,$984,"$1,728",,"$1,728",,,,,,,,,,,,,,,,,,,,,,,,,,,,
Brooklynne Woolslayer,South Tulsa Plastic Surgery (CN043721),,,,,,,SKINPEN,,,,,,"$6,479",,,,,,,,,,,,,,,,,,,,,,,,,,,
Brooklynne Woolslayer,Southside Dermatology & Skin Cancer Surgery Center (CN041912),,,,,,,SKINPEN,,,,,,"$1,728",,,,,,,,,,,,,,,,,,,,,,,,,,,
Brooklynne Woolslayer,STUBBS CENTER FOR COSMETIC SURGERY (CN289638),,,,,,,SKINPEN,,,"$1,728","$5,228",,,,,,,,,,,,,,,,,,,,,,,,,,,,,
Brooklynne Woolslayer,Swann Dermatology (CN051245),,,,,,,SKINPEN,,,$0,,,,,,,,,,,,,,,,,,,,,,,,,,,,,,
Brooklynne Woolslayer,Swetnam Cosmetic Surgery (CN159395),,,,,,,SKINPEN,,,"$1,728",,"$1,728","$1,728",,,,,,,,,,,,,,,,,,,,,,,,,,,
Brooklynne Woolslayer,Taylor'd Advanced Aesthetics (CN289740),,,,,,,SKINPEN,,$984,,,$984,,,,,,,,,,,,,,,,,,,,,,,,,,,,
Brooklynne Woolslayer,The Crafted Clinic (CN235866),,,,,,,SKINPEN,,"$3,696",,,,,,,,,,,,,,,,,,,,,,,,,,,,,,,
Brooklynne Woolslayer,The Oaks Med Spa by FHCSO (CN234039),,,,,,,SKINPEN,,,,"$5,228",,"$3,456",,,,,,,,,,,,,,,,,,,,,,,,,,,
Brooklynne Woolslayer,The Sage (CN289876),,,,,,,SKINPEN,,,,,,"$1,728",,,,,,,,,,,,,,,,,,,,,,,,,,,
Brooklynne Woolslayer,Tulsa Hills Cosmetics & Laser Skin Center (CN290088),,,,,,,SKINPEN,,,"$1,728",,"$1,728",,,,,,,,,,,,,,,,,,,,,,,,,,,,
Brooklynne Woolslayer,Tulsa Surgical Arts (CN063054),,,,,,,SKINPEN,,$984,,"$1,968","$2,952",,,,,,,,,,,,,,,,,,,,,,,,,,,,
Brooklynne Woolslayer,Uplifting Skin Care (CN290150),,,,,,,SKINPEN,,$984,"$1,728","$8,684",,"$3,600",,,,,,,,,,,,,,,,,,,,,,,,,,,
Brooklynne Woolslayer,Upper Extremity Orthopedic Specialists (CN290158),,,,,,,SKINPEN,,,,"$1,728",,,,,,,,,,,,,,,,,,,,,,,,,,,,,
Brooklynne Woolslayer,US Dermatology - National Account (CN167666),,,,,,,SKINPEN,,,,"$6,404",,"$4,872",,,,,,,,,,,,,,,,,,,,,,,,,,,
Brooklynne Woolslayer,Utica Square Skin Care LLC (CN162597),,,,,,,SKINPEN,,,,,,"$5,495",,,,,,,,,,,,,,,,,,,,,,,,,,,
Brooklynne Woolslayer,Vibrant Med Spa of NWA (CN290268),,,,,,,SKINPEN,,,"$5,479",$0,"$1,728",$984,,,,,,,,,,,,,,,,,,,,,,,,,,,
Brooklynne Woolslayer,VINSON AESTHETICS (CN290292),,,,,,,SKINPEN,,,"$5,979","$1,728",,,,,,,,,,,,,,,,,,,,,,,,,,,,,
Brooklynne Woolslayer,VITAL HEALTH (CN285509),,,,,,,SKINPEN,,,"$4,995",,$984,,,,,,,,,,,,,,,,,,,,,,,,,,,,
Brooklynne Woolslayer,WB AESTHETICS (CN290424),,,,,,,SKINPEN,,,,"$5,228",,,,,,,,,,,,,,,,,,,,,,,,,,,,,
Brooklynne Woolslayer,Whitlock Cosmetic Center (CN044581),,,,,,,SKINPEN,,"$1,968",$984,"$1,968",$984,$984,,,,,,,,,,,,,,,,,,,,,,,,,,,
Brooklynne Woolslayer,Total,,,,,,,,,"$152,063","$171,494","$275,725","$211,615","$135,502",,,,,,,,,,,,,,,,,,,,,,,,,,,
Heather McGlory,,,,,,,,SKINPEN,,"$1,728","$1,728","$5,228","$3,456","$4,750",,,,,,,,,,,,,,,,,,,,,,,,,,,
Heather McGlory,Advanced Aesthetics (CN172154),,,,,,,SKINPEN,,"$3,216","$1,728","$15,640",$0,"$3,006",,,,,,,,,,,,,,,,,,,,,,,,,,,
Heather McGlory,Aesthetics at Axtell (CN282783),,,,,,,SKINPEN,,,,,,"$1,968",,,,,,,,,,,,,,,,,,,,,,,,,,,
Heather McGlory,AesthetiX Skin Lounge (CN222578),,,,,,,SKINPEN,,,"$1,728",,,,,,,,,,,,,,,,,,,,,,,,,,,,,,
Heather McGlory,"Back Alley Botox, LLC (CN283342)",,,,,,,SKINPEN,,"$5,479",$0,"$3,500","$1,968",,,,,,,,,,,,,,,,,,,,,,,,,,,,
Heather McGlory,Be Well Spa (CN247669),,,,,,,SKINPEN,,,,,"$1,728",,,,,,,,,,,,,,,,,,,,,,,,,,,,
Heather McGlory,Blissful Aesthetics (CN283799),,,,,,,SKINPEN,,,,"$3,500",,"$1,872",,,,,,,,,,,,,,,,,,,,,,,,,,,
Heather McGlory,Bloom Aesthetics (CN283820),,,,,,,SKINPEN,,,,"$5,228","$3,504","$5,376",,,,,,,,,,,,,,,,,,,,,,,,,,,
Heather McGlory,Cinthia’s Aesthetics (CN232045),,,,,,,SKINPEN,,,"$1,728",,"$1,728",,,,,,,,,,,,,,,,,,,,,,,,,,,,
Heather McGlory,Courtney Esthetics (CN284333),,,,,,,SKINPEN,,$984,,"$4,484",$0,"$2,712",,,,,,,,,,,,,,,,,,,,,,,,,,,
Heather McGlory,Dr. Robi P. Chatterji MD (CN284690),,,,,,,SKINPEN,,$984,"$1,968",$984,$984,,,,,,,,,,,,,,,,,,,,,,,,,,,,
Heather McGlory,Dream Aesthetics and Wellness (CN284710),,,,,,,SKINPEN,,,,,"$5,995",,,,,,,,,,,,,,,,,,,,,,,,,,,,
Heather McGlory,Encompass Wellness and Aesthetics (CN225392),,,,,,,SKINPEN,,,,,,"$1,728",,,,,,,,,,,,,,,,,,,,,,,,,,,
Heather McGlory,Envigorate Aesthetics (CN285379),,,,,,,SKINPEN,,,,"$7,867",,$984,,,,,,,,,,,,,,,,,,,,,,,,,,,
Heather McGlory,Eric Fisher Salon (CN285393),,,,,,,SKINPEN,,"$7,618","$3,456","$2,956","$1,728","$1,031",,,,,,,,,,,,,,,,,,,,,,,,,,,
Heather McGlory,Eternal Beauty Spa LLC (CN285435),,,,,,,SKINPEN,,,,,$984,,,,,,,,,,,,,,,,,,,,,,,,,,,,
Heather McGlory,Faces by Shawna (CN285531),,,,,,,SKINPEN,,"$1,728","$1,728","$1,728",,"$3,456",,,,,,,,,,,,,,,,,,,,,,,,,,,
Heather McGlory,"Farha Aesthetics, LLC (CN285597)",,,,,,,SKINPEN,,"$1,968",$984,"$2,952",$984,"$2,952",,,,,,,,,,,,,,,,,,,,,,,,,,,
Heather McGlory,Fulfill Med Spa (CN225502),,,,,,,SKINPEN,,,$0,"$5,228",,,,,,,,,,,,,,,,,,,,,,,,,,,,,
Heather McGlory,Hazel and Honey Med Spa (CN286309),,,,,,,SKINPEN,,"$2,856","$1,872","$5,616","$8,244","$1,872",,,,,,,,,,,,,,,,,,,,,,,,,,,
Heather McGlory,Healing Waters (CN286345),,,,,,,SKINPEN,,,,,"$9,232",,,,,,,,,,,,,,,,,,,,,,,,,,,,
Heather McGlory,"Heartland Dermatology and Skin Cancer Center, PA (CN053488)",,,,,,,SKINPEN,,"$3,216",,,,,,,,,,,,,,,,,,,,,,,,,,,,,,,
Heather McGlory,Hutchinson Clinic (CN286437),,,,,,,SKINPEN,,"$3,216",,"$3,500","$9,912",,,,,,,,,,,,,,,,,,,,,,,,,,,,
Heather McGlory,ICT IV (CN286454),,,,,,,SKINPEN,,$984,,,$984,,,,,,,,,,,,,,,,,,,,,,,,,,,,
Heather McGlory,Ideal Image - National Account (CN011814),,,,,,,SKINPEN,,,"$4,983",$240,"$1,488","$1,728",,,,,,,,,,,,,,,,,,,,,,,,,,,
Heather McGlory,Imbue Aesthetics and Wellness (CN290647),,,,,,,SKINPEN,,,,"$1,728","$5,232","$1,728",,,,,,,,,,,,,,,,,,,,,,,,,,,
Heather McGlory,"Infinite Wellness & Aesthetics, LLC (CN286504)",,,,,,,SKINPEN,,,,"$1,968",,,,,,,,,,,,,,,,,,,,,,,,,,,,,
Heather McGlory,Jeuje Aesthetics & Wellness (CN255644),,,,,,,SKINPEN,,"$1,872",$240,"$3,500",$984,"$1,717",,,,,,,,,,,,,,,,,,,,,,,,,,,
Heather McGlory,JTW Group LLC dba Opal Aesthetics (CN201057),,,,,,,SKINPEN,,$0,$984,,$984,,,,,,,,,,,,,,,,,,,,,,,,,,,,
Heather McGlory,KELLOGG CLINIC (CN238406),,,,,,,SKINPEN,,,,,"$1,728",,,,,,,,,,,,,,,,,,,,,,,,,,,,
Heather McGlory,LAM Dermatology (CN044583),,,,,,,SKINPEN,,,,,$0,,,,,,,,,,,,,,,,,,,,,,,,,,,,
Heather McGlory,Laura Jane Holsey DO. PC. (CN064027),,,,,,,SKINPEN,,,,,,"$3,456",,,,,,,,,,,,,,,,,,,,,,,,,,,
Heather McGlory,Lou lou med spa (CN271960),,,,,,,SKINPEN,,"$1,728","$3,216","$3,216","$6,432","$3,216",,,,,,,,,,,,,,,,,,,,,,,,,,,
Heather McGlory,McKinzie Aesthetics Center (CN202902),,,,,,,SKINPEN,,,"$1,728",,"$1,728","$1,728",,,,,,,,,,,,,,,,,,,,,,,,,,,
Heather McGlory,Meadow Aesthetics (CN274590),,,,,,,SKINPEN,,$0,"$3,216",,"$4,500",,,,,,,,,,,,,,,,,,,,,,,,,,,,
Heather McGlory,Nurtured by Nurses (CN287941),,,,,,,SKINPEN,,,,"$10,718",,,,,,,,,,,,,,,,,,,,,,,,,,,,,
Heather McGlory,Nuude Aesthetics (CN287948),,,,,,,SKINPEN,,$984,,$984,,,,,,,,,,,,,,,,,,,,,,,,,,,,,
Heather McGlory,Plastic Surgery Centre Wichita (CN045081),,,,,,,SKINPEN,,"$3,936","$3,744","$15,229","$3,744","$5,616",,,,,,,,,,,,,,,,,,,,,,,,,,,
Heather McGlory,Poise Aesthetics (CN288233),,,,,,,SKINPEN,,$984,,,,,,,,,,,,,,,,,,,,,,,,,,,,,,,
Heather McGlory,Renew Health + Wellness (CN288678),,,,,,,SKINPEN,,,,"$5,995","$6,528",$0,,,,,,,,,,,,,,,,,,,,,,,,,,,
Heather McGlory,Shaw Plastic Surgery (CN045071),,,,,,,SKINPEN,,$480,$0,,"$1,968",,,,,,,,,,,,,,,,,,,,,,,,,,,,
Heather McGlory,Skin by Kailynn (CN288970),,,,,,,SKINPEN,,,,,"$5,495",,,,,,,,,,,,,,,,,,,,,,,,,,,,
Heather McGlory,Slate Aesthetics (CN253954),,,,,,,SKINPEN,,$0,,$984,"$2,952",$0,,,,,,,,,,,,,,,,,,,,,,,,,,,
Heather McGlory,The Dermatology Clinic (CN284547),,,,,,,SKINPEN,,"$1,872","$1,872","$5,372",,"$1,677",,,,,,,,,,,,,,,,,,,,,,,,,,,
Heather McGlory,TOUCH OF SUNSHINE INJECTABLES (CN289990),,,,,,,SKINPEN,,"$5,979",,,,,,,,,,,,,,,,,,,,,,,,,,,,,,,
Heather McGlory,Trail Creek Wellness (CN289997),,,,,,,SKINPEN,,,$984,,$984,,,,,,,,,,,,,,,,,,,,,,,,,,,,
Heather McGlory,"True To You, PLLC (CN224045)",,,,,,,SKINPEN,,,,,,"$1,728",,,,,,,,,,,,,,,,,,,,,,,,,,,
Heather McGlory,Upscale Wellness (CN261164),,,,,,,SKINPEN,,"$5,979",,$0,,,,,,,,,,,,,,,,,,,,,,,,,,,,,
Heather McGlory,US Dermatology - National Account (CN167666),,,,,,,SKINPEN,,,,,"$1,632","$1,632",,,,,,,,,,,,,,,,,,,,,,,,,,,
Heather McGlory,Well-Medica (CN176513),,,,,,,SKINPEN,,,,,"$1,728",,,,,,,,,,,,,,,,,,,,,,,,,,,,
Heather McGlory,WICHITA DERMATOLOGY & AESTHETICS (CN238411),,,,,,,SKINPEN,$984,$984,$984,$984,$945,$984,,,,,,,,,,,,,,,,,,,,,,,,,,,
Heather McGlory,Wichita Kansas Plastic Surgery (CN045990),,,,,,,SKINPEN,,$0,$0,,$984,,,,,,,,,,,,,,,,,,,,,,,,,,,,
Heather McGlory,Wichita Kansas Plastic Surgery (CN290496),,,,,,,SKINPEN,,"$1,728","$1,728","$1,728","$1,728","$1,728",,,,,,,,,,,,,,,,,,,,,,,,,,,
Heather McGlory,Total,,,,,,,,$984,"$60,503","$40,599","$121,059","$103,195","$58,645",,,,,,,,,,,,,,,,,,,,,,,,,,,
Kaiti Green,,,,,,,,SKINPEN,,,,,"$6,484",,,,,,,,,,,,,,,,,,,,,,,,,,,,
Kaiti Green,4EYMED LLC (CN246670),9249 Highlands Rd hts #140 Colorado Springs 80920 ,,"Christine Bradley, owner ","Can be a good client but snazzy, non clinical, problems locking the tip on very often, does filler/tox, can be cheap/looks for deal, position rh/daxxy as more economical, has had staff turnover ",,Precision pen,SKINPEN,,"$1,632",,"$1,728","$1,488",$0,,,,,,,,,,,,,,,,,,,,,,,,,,,
Kaiti Green,Advanced Dermatology and Cosmetic Surgery - National Account (CN040793),,,,,,,SKINPEN,,"$1,488",,,,,,,,,,,,,,,,,,,,,,,,,,,,,,,
Kaiti Green,Alana Rose Skin (CN282951),,,Alana ,"Small, solo esti, ",,,SKINPEN,,,,"$7,963",$0,,,,,,,,,,,,,,,,,,,,,,,,,,,,
Kaiti Green,Albert Vein Institute (CN282953),,,,"Check in on, used to be on auto ship, could prob get RHA/daxxy",,,SKINPEN,,"$1,968",,,"$1,968",,,,,,,,,,,,,,,,,,,,,,,,,,,,
Kaiti Green,Alta Vista Dermatology (CN040750),, ,Dr. SZBAo,"Amandaoffice mgr, expect you to attend event in sept on Thurs nught, connected over email, industry known they suck, Darren main guy her husban, have 3 RF devices, could do more skinpen ",Will need to stroke Amanda's ego,PRECISION,SKINPEN,,"$3,216",,,"$3,216",,,,,,,,,,,,,,,,,,,,,,,,,,,,
Kaiti Green,Apres Skin & Wellness (CN283183),,,,SHOULDN'T BE ON MY TERRITORY LIST,,,SKINPEN,,,,"$5,228",,,,,,,,,,,,,,,,,,,,,,,,,,,,,
Kaiti Green,Artistry Skin and Laser (CN184876),,LITTLETON,"Laura Carlsen, ","Laura, owner, texted me her cell, she does injectables, talk to about daxxy/rha ",,Precision ,SKINPEN,,"$1,728","$3,216",,,,,,,,,,,,,,,,,,,,,,,,,,,,,,
Kaiti Green,AURORA MEDICAL SPA - National Account (CN063125),,,,"Reach out for patient event every quarter for free swag, don't do a ton of business. Don't spend much time there ",,Precision ,SKINPEN,,$0,"$4,495",$0,"$1,728",$0,,,,,,,,,,,,,,,,,,,,,,,,,,,
Kaiti Green,Biomend Aesthetics and Wellness (CN184868),,,Kristen Coleman,"7/16, waiting for response via text, good account, spend time here, up and running w/ SkinPen but not their focus, ",,PRECISION,SKINPEN,,,"$5,952",,,,,,,,,,,,,,,,,,,,,,,,,,,,,,
Kaiti Green,Broadway Family Practice (CN283946),,,,"Daughter of doctor, husband just committed s. ",,Precision,SKINPEN,,"$5,879",,"$1,728",,,,,,,,,,,,,,,,,,,,,,,,,,,,,
Kaiti Green,Clarity Dermatology (CN167624),,Castle Rock,"Dr. Jensen, called on regional mgr and office,  ","BOTOX, JEUVEAU XEOMIN ON WEBSITE, LISTED ON BOTOX.COM, main acct in Castle rock, Dr. Jensen will expect $400 lunch but will give you time of day during lunch, might have new regional director ",,Precision prp ,SKINPEN,,"$1,728",$0,"$1,728",,"$1,728",,,,,,,,,,,,,,,,,,,,,,,,,,,
Kaiti Green,Colorado Eye Consultants (CN284254),,Unknown ,,,,,SKINPEN,,"$1,872","$1,872",,,,,,,,,,,,,,,,,,,,,,,,,,,,,,
Kaiti Green,Complexions Skincare (CN284258),,,"Moved to Littleton, has new address, Julie, works out of home, orders 48 every 6 months ",,,,SKINPEN,,,,"$3,504",,,,,,,,,,,,,,,,,,,,,,,,,,,,,
Kaiti Green,Direct Vip Care (CN284628),,Pueblo,"Jessica Gameday, cell saved","Opening own location, main np at Game Day (men's health stuff)  shared her cell phone",Did not contact yet,Elite,SKINPEN,,,,"$5,228",,,,,,,,,,,,,,,,,,,,,,,,,,,,,
Kaiti Green,ELEVEN11 LASER + SKINCARE (CN238272),,,Katie Roche,"Cell sent, 2 locations, one in Kim's one in mine, can be spaz, really nice, has one elite and one precision at two locations, just had a baby ",,Elite & Precision ,SKINPEN,,,,"$3,500","$3,504",,,,,,,,,,,,,,,,,,,,,,,,,,,,
Kaiti Green,ESSEX MEDSPA (CN238268),,,Dr. Sohhayp (sp),"Great account to get into, will not upgrade but need to, do decent biz, have had her precision for 6 years, cell sent and most recent manager emailed to me",,Precision ,SKINPEN,,"$3,456","$1,728","$1,728","$3,216","$1,728",,,,,,,,,,,,,,,,,,,,,,,,,,,
Kaiti Green,Ever Evolving Life (CN218874),,,,"2 locations, one in denver/springs, mainly ordering through springs location, good one to talk to about injectables, reach out to contact in oce via email",,Precision ,SKINPEN,,,$984,"$5,228",,"$1,728",,,,,,,,,,,,,,,,,,,,,,,,,,,
Kaiti Green,Facial Aesthetics (CN208235),,,"Kaleigh, mgr at monument, looped on email, put Taylor as contact for order on 7/18","2 locations, one in Kim's, Kaleighs, I have two locations, top 100 account for crown/entire country, largest in Colorado, springs/monument two newest locks still getting up and running, do not let reps in for a lot of training by reps, they like to control that and do internally  ",,"Precision, did not want to upgrade",SKINPEN,,,,$0,$0,"$3,456",,,,,,,,,,,,,,,,,,,,,,,,,,,
,,,,"Elizabeth Tritapoe, have email, mgr for Springs location","Emailed Elizabeth, no longer there",Emailed Elizabeth on 7/18,,,,,,,,,,,,,,,,,,,,,,,,,,,,,,,,,,,
Kaiti Green,GENESIS MEDSPA LLC (CN228713),,,Danice@genesis-medspa.com,"Unwilling to learn new things, will do trainings, good one to talk to about injectables, they charge a lot for microneedling ",Did not email ,Precision,SKINPEN,,"$10,512","$10,512","$3,504","$7,008","$7,008",,,,,,,,,,,,,,,,,,,,,,,,,,,
Kaiti Green,Glow With Me Esthetics (CN286172),,,"Celeste Montoya, cell given by V did not text yet",,,,SKINPEN,,$984,"$1,728","$1,728","$1,728",,,,,,,,,,,,,,,,,,,,,,,,,,,,
Kaiti Green,Lips by Lett (CN287108),,,No Name but have business #,"Small biz, sent me contact info via text",,PRECISION,SKINPEN,,,,,,$0,,,,,,,,,,,,,,,,,,,,,,,,,,,
Kaiti Green,LOVEWELLNESSLTD (CN238258),,,,Small,,,SKINPEN,,,$984,,$984,,,,,,,,,,,,,,,,,,,,,,,,,,,,
Kaiti Green,Lux n' Lavish Esthetics LLC (CN287258),,,"Natalie, texting for meeting","Work with her on Daxxify (100 vials) for Nashville, ",,,SKINPEN,,"$3,216","$5,952","$10,501","$11,904",$0,,,,,,,,,,,,,,,,,,,,,,,,,,,
Kaiti Green,Magnolia Medical Aesthetics (CN287298),,Pueblo,Rhonda Orndoff ,"Good one to stop into,does hormones, would be a great filler/toxin client, anesthesiologist, spends money, put together a deal/promo ",,Elite,SKINPEN,,"$1,968","$3,216","$7,000",,"$3,216",,,,,,,,,,,,,,,,,,,,,,,,,,,
Kaiti Green,Medspa By Beauty Bar (CN323130),,,,,,,SKINPEN,,,,,,"$7,367",,,,,,,,,,,,,,,,,,,,,,,,,,,
Kaiti Green,Mountain Glow Aesthetics & Wellness (CN243165),,Littleton,"Heather, referred other heather/chad",Ask her about injectables,,,SKINPEN,,,$0,,"$1,728",,,,,,,,,,,,,,,,,,,,,,,,,,,,
Kaiti Green,Needles & Tox (CN287768),,,Laura Heffern texted me her contact info  ,Works part time ,Did not contact yet ,Precision,SKINPEN,,,,"$1,728",,"$3,504",,,,,,,,,,,,,,,,,,,,,,,,,,,
Kaiti Green,Nou Faces (CN287905),,,"Julie, slower, used to be at Colorado plastic surgery, solo now",Texted me her info ,Did not contact yet ,,SKINPEN,,,"$6,367",,,,,,,,,,,,,,,,,,,,,,,,,,,,,,
Kaiti Green,Nova Skincare Co (CN287920),,,"Makenzie Reeves, have her cell ","Solo, xted me her info",Did not contact yet ,,SKINPEN,,,"$1,968",,,,,,,,,,,,,,,,,,,,,,,,,,,,,,
Kaiti Green,Oh La La Med Spa (CN221138),,,"Jeremene, helped with order on 7/16",,,Precision,SKINPEN,,,,,"$1,728",,,,,,,,,,,,,,,,,,,,,,,,,,,,
Kaiti Green,Olive Tree Aesthetic Studio (CN254249),,,"Jackie, She's crazy, dislikes Victoria, no longer has SkinPen, has spa in castle rock ",,,,SKINPEN,,$0,,,,,,,,,,,,,,,,,,,,,,,,,,,,,,,
Kaiti Green,On-Site Medical Care (CN288027),,,,"Military folks, ",,,SKINPEN,,,,"$1,872",,,,,,,,,,,,,,,,,,,,,,,,,,,,,
Kaiti Green,ORCHARD MED SPA (CN238237),,Castle Rock,"Lisa Manzanares, Owner/Main injector, Platinum Allergan account, Jen office mgr., ","Personal insta non active, only biz insta w/1k followers, warranties a pen, didn't know how to put tip on, Victoria warrantied pen, said it wasn't working and it was just them not knowing how to put the tip on, management@orchardmedspa.com ",,Precision,SKINPEN,,"$2,592","$3,216","$3,216","$6,432","$3,216",,,,,,,,,,,,,,,,,,,,,,,,,,,
Kaiti Green,Panda Glow Colorado (CN220422),,,Julie Richter ,Just bought a SkinPen last quarter,,Elite,SKINPEN,,,,,,"$8,004",,,,,,,,,,,,,,,,,,,,,,,,,,,
Kaiti Green,Premier MediSpa LLC (CN234166),,,"Dr. Bland, Gerty wife","Low maintenance, ",,Elite,SKINPEN,,$984,"$3,456","$7,000","$3,504","$3,600",,,,,,,,,,,,,,,,,,,,,,,,,,,
Kaiti Green,Purity Skin Studio (CN288362),,,"Amanda, Owner, Ashley main SkinPen?","Loves crown, took team to visit crown, have big annual event, ",,"Elite two devices, could use 3 ",SKINPEN,,"$10,848","$7,488","$13,552","$10,512","$10,512",,,,,,,,,,,,,,,,,,,,,,,,,,,
Kaiti Green,Rave Spa and Clinic (CN257916),,,Texted me info ,"Kinda crazy, two men and one guys wife, contact sent via text, could use training",,Elite,SKINPEN,,,,,"$5,484","$1,872",,,,,,,,,,,,,,,,,,,,,,,,,,,
Kaiti Green,Refresh Your Face Denver (CN288522),,,,,,,SKINPEN,,,,,,$0,,,,,,,,,,,,,,,,,,,,,,,,,,,
Kaiti Green,Refreshed by Shar (CN226163),,,,,,,SKINPEN,,,,,$984,,,,,,,,,,,,,,,,,,,,,,,,,,,,
Kaiti Green,Rejuvenate MedSpa (CN226490),,,"Monica, helped with order last week/have cell, Danielle, esti,  ","Just decided not to bring on daxxy, springs does not have prp, Kim has other locations  ",,Elite,SKINPEN,,,"$3,216",$0,"$7,716",$0,,,,,,,,,,,,,,,,,,,,,,,,,,,
Kaiti Green,Renaissance Med Spa (CN288664),,,"Dr. M, sent me cell looks like main number but it's her cell  ","Always wants training, orders one treatment kit, did thorough training, did event/food, push for her people to do online training, very nice",,Precision,SKINPEN,,,,,"$1,728",,,,,,,,,,,,,,,,,,,,,,,,,,,,
Kaiti Green,Restore Aesthetic & Wellness (CN288691),,,"Old account that closed, disregard ",,,,SKINPEN,,$0,,,,,,,,,,,,,,,,,,,,,,,,,,,,,,,
Kaiti Green,RESTORE OSTEO OF COLORADO (CN288685),,,Might be a closed account ,,,,SKINPEN,,,$984,,,,,,,,,,,,,,,,,,,,,,,,,,,,,,
Kaiti Green,Rocky Mountain Laser Center (CN284977),,,"Be in frequently, have high volume patient load, old school so RHA technique, suggest RIBC's every week for training, send them injection library, request they set up a patient to come in and treat so that i can drive, do a perioral, watch videos, ",,,,SKINPEN,,,$0,"$4,364","$3,504",,,,,,,,,,,,,,,,,,,,,,,,,,,,
,,,,"Ask for them to put together a special on Daxxify to really leverage doing the event, ",,,,,,,,,,,,,,,,,,,,,,,,,,,,,,,,,,,,,
Kaiti Green,Schmitz Aesthetics (CN288980),,,"Don't reach out, can be crazy, doesn't do injectables ",,,,SKINPEN,,,,$984,,$984,,,,,,,,,,,,,,,,,,,,,,,,,,,
Kaiti Green,"Secora Medical Aesthetics, LLC (CN289021)",,,"Have biojuve, SkinPen, wants another event help with, ",,,,SKINPEN,,,,$0,,,,,,,,,,,,,,,,,,,,,,,,,,,,,
Kaiti Green,Skin Essentials Medical Skin Care & Day Spa (CN289301),,Littleton,"Jade, got text with info On auto ship, great account, may be open on injectable side, downtown littleton",,"Have cell, need to reach out",,SKINPEN,"Jade, Manager, ","$3,504","$3,504","$3,504","$6,432",$0,,,,,,,,,,,,,,,,,,,,,,,,,,,
Kaiti Green,Skin Glory Medspa (CN289063),,,"Kaleigh, texts Victoria orders",,,PRECISION,SKINPEN,,$984,$984,"$1,968",$984,"$1,968",,,,,,,,,,,,,,,,,,,,,,,,,,,
Kaiti Green,Skin Type Solutions Supply Co. (CN289164),,,"LOOK IN SYSTEM, lots of turnover, national account with national acct pricing, small place, ",,,,SKINPEN,,"$3,216",,"$1,608",,,,,,,,,,,,,,,,,,,,,,,,,,,,,
Kaiti Green,Springs Aesthetics (CN289575),,,"Stephanie, could be a god account for injectables, Melissa, main injector/had affair with doctor",,,,SKINPEN,,,,"$1,728",,,,,,,,,,,,,,,,,,,,,,,,,,,,,
Kaiti Green,Syringe Sisters (CN289708),,,"No longer in business, Jamie, original injector now works at Renova",,,,SKINPEN,,$984,,,,,,,,,,,,,,,,,,,,,,,,,,,,,,,
Kaiti Green,The Pink Canoe (CN288201),,,"Referral from Natalie, killing it with SkinPen, went to gem with Natalie, ",,,Elite,SKINPEN,,,"$8,568",,"$1,728","$5,952",,,,,,,,,,,,,,,,,,,,,,,,,,,
Kaiti Green,The Skin Company (CN289802),,Castle Rock,"Maria Kane, Owner, no relationships from the past",9.7K on IG company page,DM Maria Kane on personal IG,Precision ,SKINPEN,,,,,,$984,,,,,,,,,,,,,,,,,,,,,,,,,,,
Kaiti Green,Ultimate Image of Colorado LLC (CN290120),,,"Ideal Image, national acct., gets national acct. Pricing that might show up weird, get into, might make their own decisions though, owner lives in Montana, pop in ",,,Elite,SKINPEN,,,,"$5,228",,,,,,,,,,,,,,,,,,,,,,,,,,,,,
Kaiti Green,Vanguard Aesthetics (CN254346),,,"Jon Bullock, close with Dr. Victoria, helped Victoria get in with this account, Lisa Boness, Mgr., lboness@vanguardskin.com, good one for injectables, 4 locations in springs, main one does injectables ",,,Elite,SKINPEN,,,,,"$7,963","$4,680",,,,,,,,,,,,,,,,,,,,,,,,,,,
Kaiti Green,Wolf Aesthetics (CN290524),,Pueblo,Victoria has reached out to her without a response ,,,Precision ,SKINPEN,,,,,"$1,728",,,,,,,,,,,,,,,,,,,,,,,,,,,,
Kaiti Green,Total,,,,,,,,,"$62,759","$80,390","$107,048","$105,383","$71,507",,,,,,,,,,,,,,,,,,,,,,,,,,,
Kaleigh Humphrey,,,,,,,,SKINPEN,,,,"$6,979","$11,968",$0,,,,,,,,,,,,,,,,,,,,,,,,,,,
Kaleigh Humphrey,Adarling Aesthetics LLC (CN282714),,,,,,,SKINPEN,,,,,,$984,,,,,,,,,,,,,,,,,,,,,,,,,,,
Kaleigh Humphrey,Advanced Dermatology and Cosmetic Surgery - National Account (CN040793),,,,,,,SKINPEN,,"$2,976",$240,"$3,292","$3,816",,,,,,,,,,,,,,,,,,,,,,,,,,,,
Kaleigh Humphrey,Alchemy Face Bar (CN225246),,,,,,,SKINPEN,,"$6,912","$6,912","$3,500","$2,976",$0,,,,,,,,,,,,,,,,,,,,,,,,,,,
Kaleigh Humphrey,Ali Robinson Aesthetics LLC (CN282973),,,,,,,SKINPEN,,,"$4,495",,"$1,872",,,,,,,,,,,,,,,,,,,,,,,,,,,,
Kaleigh Humphrey,Amy Elain Skin Care (CN283096),,,,,,,SKINPEN,,,,"$1,728",,,,,,,,,,,,,,,,,,,,,,,,,,,,,
Kaleigh Humphrey,Anazao MD (CN283100),,,,,,,SKINPEN,,"$3,504","$3,504","$10,500","$3,504",$0,,,,,,,,,,,,,,,,,,,,,,,,,,,
Kaleigh Humphrey,Aspen Valley Hospital Center for Medical Care (CN283251),,,,,,,SKINPEN,,,$984,,,,,,,,,,,,,,,,,,,,,,,,,,,,,,
Kaleigh Humphrey,Bare Aesthetics and Hydration (CN246082),,,,,,,SKINPEN,,,,,$984,,,,,,,,,,,,,,,,,,,,,,,,,,,,
Kaleigh Humphrey,Bellissima (CN283656),,,,,,,SKINPEN,,$984,$984,$984,"$1,968",$984,,,,,,,,,,,,,,,,,,,,,,,,,,,
Kaleigh Humphrey,Blooming Wellness Vail Valley (CN283814),,,,,,,SKINPEN,,,,"$1,872",,$0,,,,,,,,,,,,,,,,,,,,,,,,,,,
Kaleigh Humphrey,Boujee Nurse (CN283901),,,,,,,SKINPEN,,"$3,456",,"$11,704","$3,216","$3,936",,,,,,,,,,,,,,,,,,,,,,,,,,,
Kaleigh Humphrey,"BRAD A CASE, MD - VALLEY SURGICAL CARE AESTHETICS (CN238260)",,,,,,,SKINPEN,,"$1,728",,,"$1,728",,,,,,,,,,,,,,,,,,,,,,,,,,,,
Kaleigh Humphrey,Burke Dermatology (CN267510),,,,,,,SKINPEN,,"$1,728",,$0,,,,,,,,,,,,,,,,,,,,,,,,,,,,,
Kaleigh Humphrey,CHERRY CREEK MED SPA (CN217367),,,,,,,SKINPEN,,,,,"$3,216",,,,,,,,,,,,,,,,,,,,,,,,,,,,
Kaleigh Humphrey,Clementine's Salon & Skincare (CN284192),,,,,,,SKINPEN,,"$1,968",,$984,$984,"$1,968",,,,,,,,,,,,,,,,,,,,,,,,,,,
Kaleigh Humphrey,Core Dermatology (CN054539),,,,,,,SKINPEN,,,,"$1,968","$3,264",,,,,,,,,,,,,,,,,,,,,,,,,,,,
Kaleigh Humphrey,Cortez Regenerative Health (CN302111),,,,,,,SKINPEN,,,,,,"$6,228",,,,,,,,,,,,,,,,,,,,,,,,,,,
Kaleigh Humphrey,CU Medicine Cosmetic Surgery (CN255819),,,,,,,SKINPEN,,,,"$1,728",,,,,,,,,,,,,,,,,,,,,,,,,,,,,
Kaleigh Humphrey,Denver Dermatology Center (CN054911),,,,,,,SKINPEN,,"$3,696","$3,696",$0,"$3,696",,,,,,,,,,,,,,,,,,,,,,,,,,,,
Kaleigh Humphrey,DNU The NeuroSpa (CN229834),,,,,,,SKINPEN,,$984,"$8,784","$14,001","$5,376","$3,744",,,,,,,,,,,,,,,,,,,,,,,,,,,
Kaleigh Humphrey,Dr. Christine Rodgers - Denver Plastic Surgery (CN054913),,,,,,,SKINPEN,,,,"$1,728","$3,504",,,,,,,,,,,,,,,,,,,,,,,,,,,,
Kaleigh Humphrey,Elevated Aesthetics 5280 DBA T?o Aesthetics (CN229280),,,,,,,SKINPEN,,,,,"$1,968",,,,,,,,,,,,,,,,,,,,,,,,,,,,
Kaleigh Humphrey,Elevated Wellness & Aesthetics (CN285264),,,,,,,SKINPEN,,"$5,479",,,,"$1,728",,,,,,,,,,,,,,,,,,,,,,,,,,,
Kaleigh Humphrey,Epiphany Dermatology Master (CN045727),,,,,,,SKINPEN,,,,"$4,288","$8,744",,,,,,,,,,,,,,,,,,,,,,,,,,,,
Kaleigh Humphrey,Facial Aesthetics (CN208235),,,,,,,SKINPEN,,"$5,952","$5,952","$5,952",,"$1,728",,,,,,,,,,,,,,,,,,,,,,,,,,,
Kaleigh Humphrey,Foxy Laser (CN285714),,,,,,,SKINPEN,,,,"$1,968",,,,,,,,,,,,,,,,,,,,,,,,,,,,,
Kaleigh Humphrey,Gattoni Medical Aesthetics & Wellness (CN225211),,,,,,,SKINPEN,,,,"$1,728",,,,,,,,,,,,,,,,,,,,,,,,,,,,,
Kaleigh Humphrey,Glow Getters LLC (CN286178),,,,,,,SKINPEN,,,,"$6,979","$1,968",,,,,,,,,,,,,,,,,,,,,,,,,,,,
Kaleigh Humphrey,Grand Valley Laser Aesthetics (CN268392),,,,,,,SKINPEN,,,,,"$9,835",$984,,,,,,,,,,,,,,,,,,,,,,,,,,,
Kaleigh Humphrey,HD Aesthetic Wellness (CN197091),,,,,,,SKINPEN,,,,,"$1,728",,,,,,,,,,,,,,,,,,,,,,,,,,,,
Kaleigh Humphrey,Ideal Image - National Account (CN011814),,,,,,,SKINPEN,,,"$9,966",$480,,"$1,488",,,,,,,,,,,,,,,,,,,,,,,,,,,
Kaleigh Humphrey,INJECTABLES BY SELENA (CN228872),,,,,,,SKINPEN,,,,"$1,728",,"$1,728",,,,,,,,,,,,,,,,,,,,,,,,,,,
Kaleigh Humphrey,JACK ZAMORA MD (CN066995),,,,,,,SKINPEN,,"$5,952","$5,952","$5,952","$5,952","$5,952",,,,,,,,,,,,,,,,,,,,,,,,,,,
Kaleigh Humphrey,"Jodi Carter Jones, LLC (CN286692)",,,,,,,SKINPEN,,,,$0,,,,,,,,,,,,,,,,,,,,,,,,,,,,,
Kaleigh Humphrey,Juicyface (CN286726),,,,,,,SKINPEN,"$5,859",,,,,,,,,,,,,,,,,,,,,,,,,,,,,,,,
Kaleigh Humphrey,Just Skin Den (CN286733),,,,,,,SKINPEN,,"$3,216","$2,976","$3,500","$3,216","$3,216",,,,,,,,,,,,,,,,,,,,,,,,,,,
Kaleigh Humphrey,Kathleen M Rowland LLC Gracefully (CN286772),,,,,,,SKINPEN,,,,"$1,872",,,,,,,,,,,,,,,,,,,,,,,,,,,,,
Kaleigh Humphrey,Lakewood Laser & Skin Renewal (CN287136),,,,,,,SKINPEN,,,"$4,495",,,,,,,,,,,,,,,,,,,,,,,,,,,,,,
Kaleigh Humphrey,Liv Aesthetics Vail (CN287121),,,,,,,SKINPEN,,"$1,872",,"$1,728","$1,872","$1,872",,,,,,,,,,,,,,,,,,,,,,,,,,,
Kaleigh Humphrey,LUMA MEDICAL AESTHETICS (CN228745),,,,,,,SKINPEN,,,,"$12,952","$6,912",,,,,,,,,,,,,,,,,,,,,,,,,,,,
Kaleigh Humphrey,Luxe Room (CN205972),,,,,,,SKINPEN,,"$7,344","$8,832","$16,124","$15,840","$14,880",,,,,,,,,,,,,,,,,,,,,,,,,,,
Kaleigh Humphrey,Luxxium Spa (CN287259),,,,,,,SKINPEN,,,"$1,872",,,,,,,,,,,,,,,,,,,,,,,,,,,,,,
Kaleigh Humphrey,Mangat Plastic Surgery (CN054899),,,,,,,SKINPEN,,"$1,968",,"$3,500",,"$1,872",,,,,,,,,,,,,,,,,,,,,,,,,,,
Kaleigh Humphrey,Memorial Regional Health - Dr. Laurie Good (CN268643),,,,,,,SKINPEN,,,,"$5,372",$0,,,,,,,,,,,,,,,,,,,,,,,,,,,,
Kaleigh Humphrey,Mountain Dermatology Specialist (CN268792),,,,,,,SKINPEN,,,$0,,,$0,,,,,,,,,,,,,,,,,,,,,,,,,,,
Kaleigh Humphrey,Mountain West Dermatology Aesthetics (CN042104),,,,,,,SKINPEN,,"$3,504",,"$13,716","$3,504",$0,,,,,,,,,,,,,,,,,,,,,,,,,,,
Kaleigh Humphrey,"Moxie Partners, Inc. - National Account (CN208293)",,,,,,,SKINPEN,,,,"$7,127",,,,,,,,,,,,,,,,,,,,,,,,,,,,,
Kaleigh Humphrey,Novalune Laser LLC DBA Novalune Skin & Laser (CN303171),,,,,,,SKINPEN,,,,,,"$6,479",,,,,,,,,,,,,,,,,,,,,,,,,,,
Kaleigh Humphrey,Original Glam Beauty + IV Lounge (CN213981),,,,,,,SKINPEN,,"$3,504",,"$3,504","$8,876",,,,,,,,,,,,,,,,,,,,,,,,,,,,
Kaleigh Humphrey,POSHPOD (CN258720),,,,,,,SKINPEN,,,"$6,979",$0,"$1,872",,,,,,,,,,,,,,,,,,,,,,,,,,,,
Kaleigh Humphrey,Pure Dermatology Denver (CN054535),,,,,,,SKINPEN,,"$3,216","$7,711",$0,$0,,,,,,,,,,,,,,,,,,,,,,,,,,,,
Kaleigh Humphrey,Raw Rituale (CN287681),,,,,,,SKINPEN,,,,"$3,456","$1,728","$1,728",,,,,,,,,,,,,,,,,,,,,,,,,,,
Kaleigh Humphrey,Rejuvenate MedSpa (CN226490),,,,,,,SKINPEN,,,,,"$1,728","$1,728",,,,,,,,,,,,,,,,,,,,,,,,,,,
Kaleigh Humphrey,Revisions Aesthetics & Wellness (CN276253),,,,,,,SKINPEN,,"$1,728",,,,"$1,728",,,,,,,,,,,,,,,,,,,,,,,,,,,
Kaleigh Humphrey,Samantha Ghiselli MD PLLC (CN288918),,,,,,,SKINPEN,,,"$6,432","$3,216","$3,216","$3,216",,,,,,,,,,,,,,,,,,,,,,,,,,,
Kaleigh Humphrey,Simply You LLC (CN284271),,,,,,,SKINPEN,,,,"$7,947",,,,,,,,,,,,,,,,,,,,,,,,,,,,,
Kaleigh Humphrey,SKIN BY KATIE (CN288968),,,,,,,SKINPEN,,,"$1,968",,,,,,,,,,,,,,,,,,,,,,,,,,,,,,
Kaleigh Humphrey,Skin Chalet (CN289380),,,,,,,SKINPEN,,,,"$9,452",,$0,,,,,,,,,,,,,,,,,,,,,,,,,,,
Kaleigh Humphrey,Skin Deep (CN289239),,,,,,,SKINPEN,,,,$984,,$984,,,,,,,,,,,,,,,,,,,,,,,,,,,
Kaleigh Humphrey,"Smoothe, LLC (CN289427)",,,,,,,SKINPEN,,,"$5,952","$12,774","$5,952",,,,,,,,,,,,,,,,,,,,,,,,,,,,
Kaleigh Humphrey,Stacey Folk M.D. P.C. (CN289583),,,,,,,SKINPEN,,"$3,456","$3,456","$10,456","$4,944","$3,456",,,,,,,,,,,,,,,,,,,,,,,,,,,
Kaleigh Humphrey,"Steadman Aesthetics, LLC (CN228856)",,,,,,,SKINPEN,,,$984,$0,,,,,,,,,,,,,,,,,,,,,,,,,,,,,
Kaleigh Humphrey,The Beauty Rehab (CN246722),,,,,,,SKINPEN,,"$5,479","$3,216",,"$5,952",,,,,,,,,,,,,,,,,,,,,,,,,,,,
Kaleigh Humphrey,The Glow Co Med Aesthetics (CN286181),,,,,,,SKINPEN,,,,"$6,979",$0,,,,,,,,,,,,,,,,,,,,,,,,,,,,
Kaleigh Humphrey,Thompson Facial Plastics (CN210901),,,,,,,SKINPEN,,,,,"$3,456",,,,,,,,,,,,,,,,,,,,,,,,,,,,
Kaleigh Humphrey,Tone Medical Aesthetics LLC (CN289978),,,,,,,SKINPEN,,,"$6,979",,$0,"$1,728",,,,,,,,,,,,,,,,,,,,,,,,,,,
Kaleigh Humphrey,Uplift with Polly (CN219410),,,,,,,SKINPEN,,,,"$3,216",,,,,,,,,,,,,,,,,,,,,,,,,,,,,
Kaleigh Humphrey,US Dermatology - National Account (CN167666),,,,,,,SKINPEN,,"$1,488",$0,"$1,488","$1,632","$3,264",,,,,,,,,,,,,,,,,,,,,,,,,,,
Kaleigh Humphrey,Vail Valley Wellness (CN290192),,,,,,,SKINPEN,,,,"$5,228",$240,"$1,728",,,,,,,,,,,,,,,,,,,,,,,,,,,
Kaleigh Humphrey,ValleyView Hospital (CN284795),,,,,,,SKINPEN,,"$5,479","$1,872",,,$0,,,,,,,,,,,,,,,,,,,,,,,,,,,
Kaleigh Humphrey,Vida Medica Wellness (CN275493),,,,,,,SKINPEN,,"$1,728",,,,,,,,,,,,,,,,,,,,,,,,,,,,,,,
Kaleigh Humphrey,VIO MedSpa (CN177234),,,,,,,SKINPEN,,,,"$3,264","$1,488","$2,976",,,,,,,,,,,,,,,,,,,,,,,,,,,
Kaleigh Humphrey,VITAHL Medical Aesthetics (CN196530),,,,,,,SKINPEN,,"$1,728","$1,728",,"$3,216","$1,728",,,,,,,,,,,,,,,,,,,,,,,,,,,
Kaleigh Humphrey,Total,,,,,,,,"$5,859","$91,029","$116,921","$227,898","$157,911","$84,035",,,,,,,,,,,,,,,,,,,,,,,,,,,
Kim Coates,,,,,,,,SKINPEN,,,,,"$5,484","$6,479",,,,,,,,,,,,,,,,,,,,,,,,,,,
Kim Coates,4 HisGlory LLC dba Lash and Company Fort Collins (CN286986),,,,,,,SKINPEN,,,$984,,$984,$984,,,,,,,,,,,,,,,,,,,,,,,,,,,
Kim Coates,4Ever Young Anti-Aging- Fort Collins (CN288845),,,,,,,SKINPEN,,$984,"$4,896","$3,264","$3,264","$3,264",,,,,,,,,,,,,,,,,,,,,,,,,,,
Kim Coates,Advanced Dermatology and Cosmetic Surgery - National Account (CN040793),,,,,,,SKINPEN,,"$9,444","$10,044","$4,824","$3,456","$2,088",,,,,,,,,,,,,,,,,,,,,,,,,,,
Kim Coates,AgeLess Medical Aesthetics (CN066724),,,,,,,SKINPEN,,,"$6,912","$7,000","$6,912","$6,912",,,,,,,,,,,,,,,,,,,,,,,,,,,
Kim Coates,Alchemy Face Bar (CN225246),,,,,,,SKINPEN,,"$6,912",$0,"$3,500",,"$3,504",,,,,,,,,,,,,,,,,,,,,,,,,,,
Kim Coates,Alchemy Lounge LLC (CN282960),,,,,,,SKINPEN,,,,,"$6,979",,,,,,,,,,,,,,,,,,,,,,,,,,,,
Kim Coates,"Allura Skin, Laser & Wellness Clinic (CN065477)",,,,,,,SKINPEN,,"$7,872","$9,240","$8,832","$11,280","$6,912",,,,,,,,,,,,,,,,,,,,,,,,,,,
Kim Coates,Alyxis Aesthetics (CN283051),,,,,,,SKINPEN,,,,,,$984,,,,,,,,,,,,,,,,,,,,,,,,,,,
Kim Coates,"Ascent Med, LLC (CN283236)",,,,,,,SKINPEN,,"$3,696",$0,"$3,936","$3,936",,,,,,,,,,,,,,,,,,,,,,,,,,,,
Kim Coates,Awaken IV (CN283324),,,,,,,SKINPEN,,,,,,"$1,872",,,,,,,,,,,,,,,,,,,,,,,,,,,
Kim Coates,Beartooth Health and Wellness (CN279335),,,,,,,SKINPEN,,,,"$5,995",$0,,,,,,,,,,,,,,,,,,,,,,,,,,,,
Kim Coates,Blue Lakes Aesthetics (CN283848),,,,,,,SKINPEN,,,"$4,495",,$984,,,,,,,,,,,,,,,,,,,,,,,,,,,,
Kim Coates,Boulder Dermatology (CN054507),,,,,,,SKINPEN,,,,,,$984,,,,,,,,,,,,,,,,,,,,,,,,,,,
Kim Coates,Boulder Medical Center- Dr. Angela Paddack (CN192910),,,,,,,SKINPEN,,,,,"$1,872",,,,,,,,,,,,,,,,,,,,,,,,,,,,
Kim Coates,Boulder Plastic Surgery (CN054788),,,,,,,SKINPEN,,"$1,728","$5,664","$3,936","$16,404",$0,,,,,,,,,,,,,,,,,,,,,,,,,,,
Kim Coates,Boulder Valley Plastic Surgery (CN054408),,,,,,,SKINPEN,,,,,"$5,995","$3,744",,,,,,,,,,,,,,,,,,,,,,,,,,,
Kim Coates,BRILLIANCE MEDICAL SPA (CN217712),,,,,,,SKINPEN,,,"$7,723",,"$1,872",,,,,,,,,,,,,,,,,,,,,,,,,,,,
Kim Coates,Center of Attention (CN198764),,,,,,,SKINPEN,,"$1,728",,"$1,728","$1,728","$1,728",,,,,,,,,,,,,,,,,,,,,,,,,,,
Kim Coates,Clarity Dermatology (CN167624),,,,,,,SKINPEN,,,"$3,744",,,,,,,,,,,,,,,,,,,,,,,,,,,,,,
Kim Coates,Debunk The Func LLC (CN284443),,,,,,,SKINPEN,,,,"$6,979",,,,,,,,,,,,,,,,,,,,,,,,,,,,,
Kim Coates,Dermatology Center of the Rockies (CN041574),,,,,,,SKINPEN,,"$1,968",,"$1,968","$1,968",,,,,,,,,,,,,,,,,,,,,,,,,,,,
Kim Coates,Dermatology Specialists (CN041657),,,,,,,SKINPEN,,"$6,912","$6,912","$6,912","$6,912",,,,,,,,,,,,,,,,,,,,,,,,,,,,
Kim Coates,Esthetics By Rachel (CN285415),,,,,,,SKINPEN,,"$4,944",,"$1,728",$0,"$1,728",,,,,,,,,,,,,,,,,,,,,,,,,,,
Kim Coates,Evergreen Aesthetics (CN258821),,,,,,,SKINPEN,,,,"$1,872","$1,728","$1,728",,,,,,,,,,,,,,,,,,,,,,,,,,,
Kim Coates,Evolution Dermatology (CN194295),,,,,,,SKINPEN,,"$1,728","$1,728",,"$1,728",,,,,,,,,,,,,,,,,,,,,,,,,,,,
Kim Coates,Face Colorado (CN285561),,,,,,,SKINPEN,,,,,"$5,228","$3,216",,,,,,,,,,,,,,,,,,,,,,,,,,,
Kim Coates,Flawless Laser and MedSpa (CN285666),,,,,,,SKINPEN,,"$5,479",,,"$3,696",,,,,,,,,,,,,,,,,,,,,,,,,,,,
Kim Coates,Ideal Dermatology (CN219401),,,,,,,SKINPEN,,"$1,728",,,"$1,728",,,,,,,,,,,,,,,,,,,,,,,,,,,,
Kim Coates,Ideal Image - National Account (CN011814),,,,,,,SKINPEN,,,"$4,983",$240,,"$1,488",,,,,,,,,,,,,,,,,,,,,,,,,,,
Kim Coates,"Integrative Biologics, LLC (CN286552)",,,,,,,SKINPEN,,"$3,216",,"$6,956",,,,,,,,,,,,,,,,,,,,,,,,,,,,,
Kim Coates,"Jmarie Skin Studio, LLC (CN196629)",,,,,,,SKINPEN,,"$5,952",,,,$0,,,,,,,,,,,,,,,,,,,,,,,,,,,
Kim Coates,Laser & Cosmetic Asc. of Boulder (CN284854),,,,,,,SKINPEN,,,"$8,191","$3,936","$1,968",,,,,,,,,,,,,,,,,,,,,,,,,,,,
Kim Coates,Lash + Company Johnstown (CN286981),,,,,,,SKINPEN,,,,"$1,728",,,,,,,,,,,,,,,,,,,,,,,,,,,,,
Kim Coates,Lash and Company (CN286974),,,,,,,SKINPEN,,"$1,728",,$0,,"$1,728",,,,,,,,,,,,,,,,,,,,,,,,,,,
Kim Coates,Lash and Company Windsor (CN286987),,,,,,,SKINPEN,,$0,,,,,,,,,,,,,,,,,,,,,,,,,,,,,,,
Kim Coates,Lesley Moak (CN287070),,,,,,,SKINPEN,,,"$5,479",,,,,,,,,,,,,,,,,,,,,,,,,,,,,,
Kim Coates,Luxe Room (CN205972),,,,,,,SKINPEN,,"$7,056","$7,200","$19,428","$7,392","$8,640",,,,,,,,,,,,,,,,,,,,,,,,,,,
Kim Coates,ME Wellness & MedSpa (CN290467),,,,,,,SKINPEN,,,,"$5,995",,,,,,,,,,,,,,,,,,,,,,,,,,,,,
Kim Coates,Meadowlark Clinic (CN284866),,,,,,,SKINPEN,,$220,,,,,,,,,,,,,,,,,,,,,,,,,,,,,,,
Kim Coates,Metamorphosis Med Spa (CN279580),,,,,,,SKINPEN,,,,,"$5,484","$1,728",,,,,,,,,,,,,,,,,,,,,,,,,,,
Kim Coates,Monarch Dermatology & Surgery (CN218302),,,,,,,SKINPEN,,,,"$3,216",,,,,,,,,,,,,,,,,,,,,,,,,,,,,
Kim Coates,Orange Poppy Spa (CN288051),,,,,,,SKINPEN,,,$984,"$5,372","$1,872","$1,692",,,,,,,,,,,,,,,,,,,,,,,,,,,
Kim Coates,PERFECTLY YOU MED SPA (CN229075),,,,,,,SKINPEN,,,,"$1,872",,"$1,728",,,,,,,,,,,,,,,,,,,,,,,,,,,
Kim Coates,Rejuvenate You (CN182357),,,,,,,SKINPEN,,,,"$7,700",,,,,,,,,,,,,,,,,,,,,,,,,,,,,
Kim Coates,Restoration Medical Aesthetics (CN242900),,,,,,,SKINPEN,,,,"$5,228","$1,728","$3,456",,,,,,,,,,,,,,,,,,,,,,,,,,,
Kim Coates,Rinnova Skin & Body (CN054417),,,,,,,SKINPEN,,"$8,640","$3,456","$15,684","$6,912","$3,456",,,,,,,,,,,,,,,,,,,,,,,,,,,
Kim Coates,Routine Aesthetics and Wellness (CN288846),,,,,,,SKINPEN,,,,"$6,979",$0,,,,,,,,,,,,,,,,,,,,,,,,,,,,
Kim Coates,Sage Dermatology (CN214063),,,,,,,SKINPEN,,,,,,"$1,728",,,,,,,,,,,,,,,,,,,,,,,,,,,
Kim Coates,Schmitz Aesthetics (CN288980),,,,,,,SKINPEN,,,,,$984,,,,,,,,,,,,,,,,,,,,,,,,,,,,
Kim Coates,SHEKINAH CLINICAL SPA (CN238290),,,,,,,SKINPEN,,,,$0,,,,,,,,,,,,,,,,,,,,,,,,,,,,,
Kim Coates,Signature Plastic Surgery (CN208273),,,,,,,SKINPEN,,,,,"$3,504",,,,,,,,,,,,,,,,,,,,,,,,,,,,
Kim Coates,Skin Collective (CN289260),,,,,,,SKINPEN,,,,"$1,728",,,,,,,,,,,,,,,,,,,,,,,,,,,,,
Kim Coates,Smart Sports Medicine Center (CN289413),,,,,,,SKINPEN,,,,"$3,500",,,,,,,,,,,,,,,,,,,,,,,,,,,,,
Kim Coates,Stirling Skin Care Clinic (CN162257),,,,,,,SKINPEN,,,,"$1,728","$1,728",,,,,,,,,,,,,,,,,,,,,,,,,,,,
Kim Coates,"THE AESTHETIC GALLERY, LLC (CN228566)",,,,,,,SKINPEN,,,"$1,728",,,"$1,728",,,,,,,,,,,,,,,,,,,,,,,,,,,
Kim Coates,THE PEACEFUL POPPY MED SPA (CN228573),,,,,,,SKINPEN,,,,"$1,728","$1,728","$1,728",,,,,,,,,,,,,,,,,,,,,,,,,,,
Kim Coates,TruePenny Studio (CN290081),,,,,,,SKINPEN,,,,"$5,995","$3,696",,,,,,,,,,,,,,,,,,,,,,,,,,,,
Kim Coates,Urban Radiance Med Spa (CN197105),,,,,,,SKINPEN,,"$6,223",,"$7,000","$1,728","$1,728",,,,,,,,,,,,,,,,,,,,,,,,,,,
Kim Coates,V/O Med Spa Boulder (CN290309),,,,,,,SKINPEN,,"$6,127",$0,,"$3,264",,,,,,,,,,,,,,,,,,,,,,,,,,,,
Kim Coates,Total,,,,,,,,,"$94,285","$94,363","$168,487","$136,126","$76,955",,,,,,,,,,,,,,,,,,,,,,,,,,,
Kimberly McMurray,,,,,,,,SKINPEN,,$0,$0,$0,"$18,452",$984,,,,,,,,,,,,,,,,,,,,,,,,,,,
Kimberly McMurray,4Ever Young Anti-Aging- Fort Collins (CN288845),,,,,,,SKINPEN,,,"$1,632","$3,264",,"$3,456",,,,,,,,,,,,,,,,,,,,,,,,,,,
Kimberly McMurray,Accent Aesthetics (CN282695),,,,,,,SKINPEN,,"$4,824","$5,184",,"$10,368","$5,184",,,,,,,,,,,,,,,,,,,,,,,,,,,
Kimberly McMurray,Advanced Dermatology and Cosmetic Surgery - National Account (CN040793),,,,,,,SKINPEN,,"$7,831","$6,343",,"$3,696","$1,608",,,,,,,,,,,,,,,,,,,,,,,,,,,
Kimberly McMurray,Aeterna Aesthetics LLC (CN213840),,,,,,,SKINPEN,,$0,$0,,,"$1,728",,,,,,,,,,,,,,,,,,,,,,,,,,,
Kimberly McMurray,Alchemy Face Bar (CN225246),,,,,,,SKINPEN,,"$6,912",$0,"$10,412",,"$6,912",,,,,,,,,,,,,,,,,,,,,,,,,,,
Kimberly McMurray,Awaken IV (CN283324),,,,,,,SKINPEN,,,,"$6,979",,,,,,,,,,,,,,,,,,,,,,,,,,,,,
Kimberly McMurray,Bare Radiance Aesthetics (CN242759),,,,,,,SKINPEN,,,,,,"$10,452",,,,,,,,,,,,,,,,,,,,,,,,,,,
Kimberly McMurray,Beautiful Skin Denver (CN285703),,,,,,,SKINPEN,,"$1,728",$0,"$1,728",$0,"$1,728",,,,,,,,,,,,,,,,,,,,,,,,,,,
Kimberly McMurray,Beauty Skin Deep (CN283456),,,,,,,SKINPEN,,,$0,,,"$1,872",,,,,,,,,,,,,,,,,,,,,,,,,,,
Kimberly McMurray,Bloom Med Spa (CN225202),,,,,,,SKINPEN,,"$3,456","$4,824","$8,324","$4,824",,,,,,,,,,,,,,,,,,,,,,,,,,,,
Kimberly McMurray,Bold N' Bitchin' (CN248075),,,,,,,SKINPEN,,"$1,728",,$984,,$984,,,,,,,,,,,,,,,,,,,,,,,,,,,
Kimberly McMurray,Bombshell Beauty Limited dba Lash and Company Brighton (CN286988),,,,,,,SKINPEN,,"$5,479",,$0,$0,$984,,,,,,,,,,,,,,,,,,,,,,,,,,,
Kimberly McMurray,Boulder Dermatology (CN054507),,,,,,,SKINPEN,,,$0,,,,,,,,,,,,,,,,,,,,,,,,,,,,,,
Kimberly McMurray,Boulder Valley Center for Dermatology (CN040715),,,,,,,SKINPEN,,"$3,456","$3,456","$1,728","$1,728","$1,728",,,,,,,,,,,,,,,,,,,,,,,,,,,
Kimberly McMurray,Calm Spirit Acupuncture and Massage (CN283988),,,,,,,SKINPEN,,,$984,$984,,$984,,,,,,,,,,,,,,,,,,,,,,,,,,,
Kimberly McMurray,Cherry Medical Aesthetics (CN193943),,,,,,,SKINPEN,,,,"$13,778",,"$5,952",,,,,,,,,,,,,,,,,,,,,,,,,,,
Kimberly McMurray,Coquette Aesthetics and Med Spa (CN259648),,,,,,,SKINPEN,,"$5,979",,"$3,500",$984,$984,,,,,,,,,,,,,,,,,,,,,,,,,,,
Kimberly McMurray,Denver Aesthetics Group (CN161122),,,,,,,SKINPEN,,"$1,728","$3,216",,"$1,728",,,,,,,,,,,,,,,,,,,,,,,,,,,,
Kimberly McMurray,EIR Aesthetics & Wellness (CN285226),,,,,,,SKINPEN,,,,"$7,867",,,,,,,,,,,,,,,,,,,,,,,,,,,,,
Kimberly McMurray,ELEVEN11 LASER + SKINCARE (CN238272),,,,,,,SKINPEN,"$2,592",,"$1,728",$0,$0,"$6,912",,,,,,,,,,,,,,,,,,,,,,,,,,,
Kimberly McMurray,Every Body Health & Wellness (CN285461),,,,,,,SKINPEN,,,$0,,,,,,,,,,,,,,,,,,,,,,,,,,,,,,
Kimberly McMurray,Facial Aesthetics (CN208235),,,,,,,SKINPEN,,"$6,432","$3,216",,"$3,456","$4,680",,,,,,,,,,,,,,,,,,,,,,,,,,,
Kimberly McMurray,Facial Artistry Aesthetics (CN259375),,,,,,,SKINPEN,,,,,,$0,,,,,,,,,,,,,,,,,,,,,,,,,,,
Kimberly McMurray,"FR Beauty Group, LLC dba Mooi Studio (CN287645)",,,,,,,SKINPEN,,"$6,867",,"$1,728","$3,216",$0,,,,,,,,,,,,,,,,,,,,,,,,,,,
Kimberly McMurray,Grand Pearl Aesthetics & Wellness (CN286214),,,,,,,SKINPEN,,,,,"$1,872",,,,,,,,,,,,,,,,,,,,,,,,,,,,
Kimberly McMurray,GRAND SALON & MEDSPA (CN228870),,,,,,,SKINPEN,,,,,"$1,728",,,,,,,,,,,,,,,,,,,,,,,,,,,,
Kimberly McMurray,Halo Esthetics (CN286271),,,,,,,SKINPEN,,,,"$1,872",,$0,,,,,,,,,,,,,,,,,,,,,,,,,,,
Kimberly McMurray,Hill Center for Dermatology (CN286381),,,,,,,SKINPEN,,$984,$984,$984,"$2,952","$2,952",,,,,,,,,,,,,,,,,,,,,,,,,,,
Kimberly McMurray,Ideal Image - National Account (CN011814),,,,,,,SKINPEN,,,"$4,983",$240,,,,,,,,,,,,,,,,,,,,,,,,,,,,,
Kimberly McMurray,INJECTOR 5280 (CN228857),,,,,,,SKINPEN,,,"$1,728","$1,728","$3,456","$1,728",,,,,,,,,,,,,,,,,,,,,,,,,,,
Kimberly McMurray,Lash and Company (CN286978),,,,,,,SKINPEN,,,,,"$5,484",$0,,,,,,,,,,,,,,,,,,,,,,,,,,,
Kimberly McMurray,Lash and Company Westminster (CN286985),,,,,,,SKINPEN,,,,,,"$1,728",,,,,,,,,,,,,,,,,,,,,,,,,,,
Kimberly McMurray,Lash and Company-Thornton (CN286983),,,,,,,SKINPEN,,$984,$0,,,,,,,,,,,,,,,,,,,,,,,,,,,,,,
Kimberly McMurray,Lets Face It (CN287079),,,,,,,SKINPEN,,,"$5,995",,$0,,,,,,,,,,,,,,,,,,,,,,,,,,,,
Kimberly McMurray,Mountain View Aesthetics (CN220247),,,,,,,SKINPEN,,,,,,"$1,968",,,,,,,,,,,,,,,,,,,,,,,,,,,
Kimberly McMurray,New You Beauty Lab LLC (CN213887),,,,,,,SKINPEN,,,,"$7,723",$0,,,,,,,,,,,,,,,,,,,,,,,,,,,,
Kimberly McMurray,ProMD Health - Lafayette Colorado (CN263502),,,,,,,SKINPEN,,,,,"$6,983",,,,,,,,,,,,,,,,,,,,,,,,,,,,
Kimberly McMurray,Rejuvacare Aesthetics & Wellness (CN288602),,,,,,,SKINPEN,,,,$984,,,,,,,,,,,,,,,,,,,,,,,,,,,,,
Kimberly McMurray,Rejuvenate MedSpa (CN226490),,,,,,,SKINPEN,,"$13,663","$5,952","$13,956","$3,456","$3,456",,,,,,,,,,,,,,,,,,,,,,,,,,,
Kimberly McMurray,Revive Med Spa (CN288763),,,,,,,SKINPEN,,"$5,479",$0,,,,,,,,,,,,,,,,,,,,,,,,,,,,,,
Kimberly McMurray,Sassy Aesthetics LLC (CN288951),,,,,,,SKINPEN,,,"$4,995",,,,,,,,,,,,,,,,,,,,,,,,,,,,,,
Kimberly McMurray,Simply Injectables (CN221097),,,,,,,SKINPEN,,,,,,$0,,,,,,,,,,,,,,,,,,,,,,,,,,,
Kimberly McMurray,"Skin Perfection Aesthetics, Lasers, and Wellness (CN226814)",,,,,,,SKINPEN,,,,"$1,728",,"$1,728",,,,,,,,,,,,,,,,,,,,,,,,,,,
Kimberly McMurray,Skin! Medical Aesthetics (CN212589),,,,,,,SKINPEN,,"$3,216","$3,216","$5,952","$3,216","$3,216",,,,,,,,,,,,,,,,,,,,,,,,,,,
Kimberly McMurray,Soleil Aesthetics And Wellness (CN289438),,,,,,,SKINPEN,,,,"$1,728",,,,,,,,,,,,,,,,,,,,,,,,,,,,,
Kimberly McMurray,Starfish Wellness (CN289585),,,,,,,SKINPEN,,"$4,495",,,,$984,,,,,,,,,,,,,,,,,,,,,,,,,,,
Kimberly McMurray,The Mile High Injector (CN229838),,,,,,,SKINPEN,,$984,,"$3,500",$0,$0,,,,,,,,,,,,,,,,,,,,,,,,,,,
Kimberly McMurray,THE SKIN SPOT MED SPA (CN228555),,,,,,,SKINPEN,,,,"$5,372",,"$3,456",,,,,,,,,,,,,,,,,,,,,,,,,,,
Kimberly McMurray,Tru Balanced Medical Aesthetics (CN290078),,,,,,,SKINPEN,,,"$4,495",,"$1,968",,,,,,,,,,,,,,,,,,,,,,,,,,,,
Kimberly McMurray,Unique Esthetics LLC (CN290146),,,,,,,SKINPEN,,,,"$5,228",$0,$0,,,,,,,,,,,,,,,,,,,,,,,,,,,
Kimberly McMurray,UPTOWN MEDICAL AESTHETICS (CN228554),,,,,,,SKINPEN,,"$3,744",$0,"$7,000","$6,912","$3,456",,,,,,,,,,,,,,,,,,,,,,,,,,,
Kimberly McMurray,US Dermatology - National Account (CN167666),,,,,,,SKINPEN,,,"$2,976",,"$1,488","$1,488",,,,,,,,,,,,,,,,,,,,,,,,,,,
Kimberly McMurray,Vida Medica Wellness (CN275493),,,,,,,SKINPEN,,,,"$5,228",,,,,,,,,,,,,,,,,,,,,,,,,,,,,
Kimberly McMurray,Whitney Layne Aesthetics (CN290491),,,,,,,SKINPEN,,"$5,664",,$0,$0,,,,,,,,,,,,,,,,,,,,,,,,,,,,
Kimberly McMurray,YOUTHBAR MEDSPA (CN238305),,,,,,,SKINPEN,,"$3,456",,,"$4,944",,,,,,,,,,,,,,,,,,,,,,,,,,,,
Kimberly McMurray,Total,,,,,,,,"$2,592","$99,089","$65,907","$124,499","$92,911","$83,292",,,,,,,,,,,,,,,,,,,,,,,,,,,
Victoria Greene,,,,,,,,SKINPEN,,$984,"$6,867","$10,216","$24,423",$0,,,,,,,,,,,,,,,,,,,,,,,,,,,
Victoria Greene,Adarling Aesthetics LLC (CN282714),,,,,,,SKINPEN,,,,,"$6,468",,,,,,,,,,,,,,,,,,,,,,,,,,,,
Victoria Greene,Advanced Dermatology and Cosmetic Surgery - National Account (CN040793),,,,,,,SKINPEN,,"$3,456","$3,456","$5,184","$1,632","$2,532",,,,,,,,,,,,,,,,,,,,,,,,,,,
Victoria Greene,ADVANCED MEDICAL AESTHETICS (CN228742),,,,,,,SKINPEN,,,,"$5,995","$1,728",,,,,,,,,,,,,,,,,,,,,,,,,,,,
Victoria Greene,Aere Aesthetics (CN198966),,,,,,,SKINPEN,,,,"$3,216",,,,,,,,,,,,,,,,,,,,,,,,,,,,,
Victoria Greene,Aislyn Dermatology (CN323411),,,,,,,SKINPEN,,,,,,"$8,867",,,,,,,,,,,,,,,,,,,,,,,,,,,
Victoria Greene,ALAN MARGOLIS (CN228735),,,,,,,SKINPEN,,$984,,,,,,,,,,,,,,,,,,,,,,,,,,,,,,,
Victoria Greene,Alchemy Face Bar (CN225246),,,,,,,SKINPEN,,$0,$0,"$10,412","$2,976","$3,504",,,,,,,,,,,,,,,,,,,,,,,,,,,
Victoria Greene,Allure De Brazil Med Spa (CN282986),,,,,,,SKINPEN,,,,,$984,,,,,,,,,,,,,,,,,,,,,,,,,,,,
Victoria Greene,AMAVI AESTHETIC SURGERY (CN228729),,,,,,,SKINPEN,,"$1,728",,$984,"$1,728",,,,,,,,,,,,,,,,,,,,,,,,,,,,
Victoria Greene,Anew MSO LLC (CN283135),,,,,,,SKINPEN,,"$4,495",$0,"$3,504",,,,,,,,,,,,,,,,,,,,,,,,,,,,,
Victoria Greene,Angel Aesthetics (CN196898),,,,,,,SKINPEN,,"$9,648","$9,648","$9,648","$12,864","$9,648",,,,,,,,,,,,,,,,,,,,,,,,,,,
Victoria Greene,AOB Med Spa (CN210911),,,,,,,SKINPEN,,,"$1,728",,,,,,,,,,,,,,,,,,,,,,,,,,,,,,
Victoria Greene,Apex Family Practice and Urgent Care (CN283173),,,,,,,SKINPEN,,,,"$6,367","$1,872",,,,,,,,,,,,,,,,,,,,,,,,,,,,
Victoria Greene,Back To Wellness (CN283341),,,,,,,SKINPEN,,,,$984,$984,$984,,,,,,,,,,,,,,,,,,,,,,,,,,,
Victoria Greene,Beauty Candy Aesthetics (CN274042),,,,,,,SKINPEN,,,,"$1,728",,"$6,228",,,,,,,,,,,,,,,,,,,,,,,,,,,
Victoria Greene,Beauty Refined (CN224500),,,,,,,SKINPEN,,"$1,728","$7,723","$8,728","$6,720",$0,,,,,,,,,,,,,,,,,,,,,,,,,,,
Victoria Greene,BEAUTY RESTORED AESTHETICS (CN228741),,,,,,,SKINPEN,,$0,,,,,,,,,,,,,,,,,,,,,,,,,,,,,,,
Victoria Greene,Belén Aesthetics (CN255519),,,,,,,SKINPEN,,,,"$5,228","$3,456","$1,728",,,,,,,,,,,,,,,,,,,,,,,,,,,
Victoria Greene,Beyond Touch (CN283744),,,,,,,SKINPEN,,"$1,872",,"$5,372","$1,872","$1,872",,,,,,,,,,,,,,,,,,,,,,,,,,,
Victoria Greene,Blu Meidcal Aesthetics (CN287945),,,,,,,SKINPEN,"$2,592",$0,,"$7,000","$3,456","$1,728",,,,,,,,,,,,,,,,,,,,,,,,,,,
Victoria Greene,Brent Smith MD (CN066813),,,,,,,SKINPEN,,"$1,728",,,,"$1,728",,,,,,,,,,,,,,,,,,,,,,,,,,,
Victoria Greene,Broadway Med Spa (CN283944),,,,,,,SKINPEN,,,"$4,680",,"$3,696",,,,,,,,,,,,,,,,,,,,,,,,,,,,
Victoria Greene,Cherry Hills Dermatology (CN043218),,,,,,,SKINPEN,,,"$1,728",,,,,,,,,,,,,,,,,,,,,,,,,,,,,,
Victoria Greene,Colorado Center for Health and Longevity (CN201264),,,,,,,SKINPEN,,,,"$3,500",,$984,,,,,,,,,,,,,,,,,,,,,,,,,,,
Victoria Greene,COLORADO REHAB AND OCC. MED. (CN284243),,,,,,,SKINPEN,,"$3,216",,,,,,,,,,,,,,,,,,,,,,,,,,,,,,,
Victoria Greene,Colorado TRT (CN284256),,,,,,,SKINPEN,,,,"$1,728",,,,,,,,,,,,,,,,,,,,,,,,,,,,,
Victoria Greene,CONTOUR COLLECTION (CN238279),,,,,,,SKINPEN,,"$3,216","$3,216","$3,216","$3,216","$3,216",,,,,,,,,,,,,,,,,,,,,,,,,,,
Victoria Greene,Crown Aesthetics - Victoria Greene (CN290269),,,,,,,SKINPEN,,$0,$0,$0,$0,$0,,,,,,,,,,,,,,,,,,,,,,,,,,,
Victoria Greene,Dermatology and Laser Institute of Colora (CN284493),,,,,,,SKINPEN,,,,,"$1,728",,,,,,,,,,,,,,,,,,,,,,,,,,,,
Victoria Greene,DEWSKIN (CN284601),,,,,,,SKINPEN,,"$3,216",,"$3,500","$1,728",,,,,,,,,,,,,,,,,,,,,,,,,,,,
Victoria Greene,Drip Therapy Nurse LLC (CN284719),,,,,,,SKINPEN,,,,"$3,500","$1,968",,,,,,,,,,,,,,,,,,,,,,,,,,,,
Victoria Greene,Eden Health Club (CN275445),,,,,,,SKINPEN,,,,,,$0,,,,,,,,,,,,,,,,,,,,,,,,,,,
Victoria Greene,Elevare Aesthetics (CN285273),,,,,,,SKINPEN,,,,"$7,723",,,,,,,,,,,,,,,,,,,,,,,,,,,,,
Victoria Greene,Elevated Derm & Skin Cancer Surgery Ctr (CN285253),,,,,,,SKINPEN,,,,,$984,,,,,,,,,,,,,,,,,,,,,,,,,,,,
Victoria Greene,Elite Medical & Aesthetics (CN194355),,,,,,,SKINPEN,,"$3,216",$0,,"$8,716","$3,456",,,,,,,,,,,,,,,,,,,,,,,,,,,
Victoria Greene,Emily Bratton MD PLLC (CN285343),,,,,,,SKINPEN,,,,,,$984,,,,,,,,,,,,,,,,,,,,,,,,,,,
Victoria Greene,EVEXIAS MEDICAL DENVER (CN228855),,,,,,,SKINPEN,,,"$1,968","$3,500",,,,,,,,,,,,,,,,,,,,,,,,,,,,,
Victoria Greene,Facial Aesthetics (CN208235),,,,,,,SKINPEN,,"$5,952","$5,952",$0,$0,"$3,456",,,,,,,,,,,,,,,,,,,,,,,,,,,
Victoria Greene,Glo Wellness (CN233413),,,,,,,SKINPEN,,$0,,$240,$240,,,,,,,,,,,,,,,,,,,,,,,,,,,,
Victoria Greene,Ideal Image - National Account (CN011814),,,,,,,SKINPEN,,,"$4,983","$1,728",,,,,,,,,,,,,,,,,,,,,,,,,,,,,
Victoria Greene,Injecting Confidence (CN238241),,,,,,,SKINPEN,,,,"$1,728","$1,728",,,,,,,,,,,,,,,,,,,,,,,,,,,,
Victoria Greene,Katherine Schwappach Aesthetics LLC (CN286782),,,,,,,SKINPEN,,,,"$9,499","$3,504",,,,,,,,,,,,,,,,,,,,,,,,,,,,
Victoria Greene,Ladner Facial Plastic Surgery (CN052041),,,,,,,SKINPEN,,,,"$5,228",,,,,,,,,,,,,,,,,,,,,,,,,,,,,
Victoria Greene,Locketz Facial Plastic Surgery (CN287144),,,,,,,SKINPEN,,,"$9,499",,,,,,,,,,,,,,,,,,,,,,,,,,,,,,
Victoria Greene,MILLARD PLASTIC SURGERY (CN238213),,,,,,,SKINPEN,,,,"$1,728",,,,,,,,,,,,,,,,,,,,,,,,,,,,,
Victoria Greene,Mobile Care LLC (CN287594),,,,,,,SKINPEN,,,,,"$5,995",,,,,,,,,,,,,,,,,,,,,,,,,,,,
Victoria Greene,Modern Aesthetics Medical Spa (CN287612),,,,,,,SKINPEN,,,,,"$1,728",,,,,,,,,,,,,,,,,,,,,,,,,,,,
Victoria Greene,MURPHY PLASTIC SURGERY (CN238210),,,,,,,SKINPEN,,$984,,$984,$984,$984,,,,,,,,,,,,,,,,,,,,,,,,,,,
Victoria Greene,Needles & Tox (CN287768),,,,,,,SKINPEN,,,,,,$0,,,,,,,,,,,,,,,,,,,,,,,,,,,
Victoria Greene,Neves Skin Studio (CN283059),,,,,,,SKINPEN,,"$3,744",,"$1,872","$13,452",$0,,,,,,,,,,,,,,,,,,,,,,,,,,,
Victoria Greene,Olive Tree Aesthetic Studio (CN254249),,,,,,,SKINPEN,,$0,,,,,,,,,,,,,,,,,,,,,,,,,,,,,,,
Victoria Greene,Posh Medical Beauty Spa (CN228716),,,,,,,SKINPEN,,,,"$1,728",,,,,,,,,,,,,,,,,,,,,,,,,,,,,
Victoria Greene,Restorative Injectables by Taylor Campbell (CN067389),,,,,,,SKINPEN,,"$7,008","$3,504","$3,216","$3,216","$3,216",,,,,,,,,,,,,,,,,,,,,,,,,,,
Victoria Greene,Resurrect Skin MD (CN152227),,,,,,,SKINPEN,,,,,,$240,,,,,,,,,,,,,,,,,,,,,,,,,,,
Victoria Greene,Revisions Aesthetics & Wellness (CN276253),,,,,,,SKINPEN,,,$0,,,,,,,,,,,,,,,,,,,,,,,,,,,,,,
Victoria Greene,Revival Skin (CN288760),,,,,,,SKINPEN,,"$5,479",,,,,,,,,,,,,,,,,,,,,,,,,,,,,,,
Victoria Greene,Shah Aesthetic Surgery (CN054912),,,,,,,SKINPEN,,"$1,728","$1,728","$1,728","$1,728","$1,728",,,,,,,,,,,,,,,,,,,,,,,,,,,
Victoria Greene,Skin Type Solutions Supply Co. (CN289164),,,,,,,SKINPEN,,,,,"$5,288",,,,,,,,,,,,,,,,,,,,,,,,,,,,
Victoria Greene,SkinSpirit - National Account (CN177562),,,,,,,SKINPEN,,"$1,728","$1,728","$2,592","$4,320","$2,592",,,,,,,,,,,,,,,,,,,,,,,,,,,
Victoria Greene,SkynnGen Med Spa (CN244403),,,,,,,SKINPEN,,"$2,856","$5,376","$3,500","$1,872","$3,456",,,,,,,,,,,,,,,,,,,,,,,,,,,
Victoria Greene,SNOW AESTHETICS (CN217368),,,,,,,SKINPEN,,,,$984,,$984,,,,,,,,,,,,,,,,,,,,,,,,,,,
Victoria Greene,Sorella Med Spa and Aesthetics (CN289462),,,,,,,SKINPEN,,"$1,872",,"$3,216",,,,,,,,,,,,,,,,,,,,,,,,,,,,,
Victoria Greene,"Steadman Aesthetics, LLC (CN228856)",,,,,,,SKINPEN,,,,"$3,696",,,,,,,,,,,,,,,,,,,,,,,,,,,,,
Victoria Greene,Sydney Scarpino Aesthetics (CN289695),,,,,,,SKINPEN,,$984,,,,,,,,,,,,,,,,,,,,,,,,,,,,,,,
Victoria Greene,Tanya A Atagi MD (CN066622),,,,,,,SKINPEN,,,,"$3,504","$3,504",,,,,,,,,,,,,,,,,,,,,,,,,,,,
Victoria Greene,TRUE DERM MEDSPA (CN238274),,,,,,,SKINPEN,,,,,"$6,228",$984,,,,,,,,,,,,,,,,,,,,,,,,,,,
Victoria Greene,Tula Medical Aesthetics (CN290089),,,,,,,SKINPEN,,,"$1,728",,"$1,968",$0,,,,,,,,,,,,,,,,,,,,,,,,,,,
Victoria Greene,Total,,,,,,,,"$2,592","$71,822","$75,512","$158,404","$148,954","$65,099",,,,,,,,,,,,,,,,,,,,,,,,,,,
Wendy Shepherd,,,,,,,,SKINPEN,,,,,"$6,223",$0,,,,,,,,,,,,,,,,,,,,,,,,,,,
Wendy Shepherd,Aesthetic Center of Excellence (CN255406),,,,,,,SKINPEN,,"$6,223",$0,"$1,728","$1,968","$1,728",,,,,,,,,,,,,,,,,,,,,,,,,,,
Wendy Shepherd,ALLI B + CO. (CN229129),,,,,,,SKINPEN,,,,"$3,500",$0,,,,,,,,,,,,,,,,,,,,,,,,,,,,
Wendy Shepherd,BEAUTY THERAPY (CN283506),,,,,,,SKINPEN,,,,"$5,228",,$0,,,,,,,,,,,,,,,,,,,,,,,,,,,
Wendy Shepherd,Bella Luce Med Spa (CN063924),,,,,,,SKINPEN,,"$2,952","$1,968","$2,952","$2,952","$1,968",,,,,,,,,,,,,,,,,,,,,,,,,,,
Wendy Shepherd,Belle Ame Med Spa (CN225899),,,,,,,SKINPEN,,$0,"$1,728","$1,728","$1,728",,,,,,,,,,,,,,,,,,,,,,,,,,,,
Wendy Shepherd,Belle Vie of Oklahoma (CN283681),,,,,,,SKINPEN,,,,"$5,479",,,,,,,,,,,,,,,,,,,,,,,,,,,,,
Wendy Shepherd,Bloom Aesthetics (CN215493),,,,,,,SKINPEN,,"$6,432","$6,432","$13,432","$3,456","$6,912",,,,,,,,,,,,,,,,,,,,,,,,,,,
Wendy Shepherd,Clear Skin Solutions (CN284184),,,,,,,SKINPEN,,"$1,728",,$984,"$2,856","$1,728",,,,,,,,,,,,,,,,,,,,,,,,,,,
Wendy Shepherd,Cosmetic Surgical Arts and Rejuvenation (CN274946),,,,,,,SKINPEN,,,,$0,$984,,,,,,,,,,,,,,,,,,,,,,,,,,,,
Wendy Shepherd,Crown Aesthetics- Heather McGlory (CN286325),,,,,,,SKINPEN,,$0,$0,$0,$0,$0,,,,,,,,,,,,,,,,,,,,,,,,,,,
Wendy Shepherd,Elite Wellness (CN218189),,,,,,,SKINPEN,,,,,,"$6,979",,,,,,,,,,,,,,,,,,,,,,,,,,,
Wendy Shepherd,Elysian Wellness and Aesthetics (CN186039),,,,,,,SKINPEN,,,$0,,,,,,,,,,,,,,,,,,,,,,,,,,,,,,
Wendy Shepherd,FLASSLESS SKIN BY PEGGY (CN285668),,,,,,,SKINPEN,,,,"$1,728","$1,968",,,,,,,,,,,,,,,,,,,,,,,,,,,,
Wendy Shepherd,Franco Aesthetics (CN215237),,,,,,,SKINPEN,,"$1,728","$3,744","$3,744","$1,872","$3,744",,,,,,,,,,,,,,,,,,,,,,,,,,,
Wendy Shepherd,Freeman Wellness & Aesthetics (CN290923),,,,,,,SKINPEN,,,,,,"$6,228",,,,,,,,,,,,,,,,,,,,,,,,,,,
Wendy Shepherd,GILDED BEAUTY (CN229123),,,,,,,SKINPEN,,,,,,"$1,728",,,,,,,,,,,,,,,,,,,,,,,,,,,
Wendy Shepherd,Gimme Sugars (CN286087),,,,,,,SKINPEN,,$984,$984,"$5,228",,,,,,,,,,,,,,,,,,,,,,,,,,,,,
Wendy Shepherd,H-MD Medical Spa (CN286650),,,,,,,SKINPEN,,,"$1,488","$2,800","$3,216","$1,488",,,,,,,,,,,,,,,,,,,,,,,,,,,
Wendy Shepherd,Laura Jane Holsey DO. PC. (CN064027),,,,,,,SKINPEN,,"$1,968",,"$1,968",,$0,,,,,,,,,,,,,,,,,,,,,,,,,,,
Wendy Shepherd,Premier Plastic Surgery and Aesthetics (CN041872),,,,,,,SKINPEN,,$0,,,,,,,,,,,,,,,,,,,,,,,,,,,,,,,
Wendy Shepherd,Radian Medical Spa (CN215447),,,,,,,SKINPEN,,$984,,"$6,356",,$0,,,,,,,,,,,,,,,,,,,,,,,,,,,
Wendy Shepherd,Radiance Medical Aesthetics Of Oklahoma (CN043369),,,,,,,SKINPEN,,"$1,728","$2,712","$5,372","$5,808","$6,624",,,,,,,,,,,,,,,,,,,,,,,,,,,
Wendy Shepherd,Renew Wellness & Aesthetics (CN180736),,,,,,,SKINPEN,,,"$1,728",,"$1,728","$1,728",,,,,,,,,,,,,,,,,,,,,,,,,,,
Wendy Shepherd,Restorative Injectables (CN288686),,,,,,,SKINPEN,,"$1,728","$3,456","$1,728","$3,696","$1,728",,,,,,,,,,,,,,,,,,,,,,,,,,,
Wendy Shepherd,Revive Aesthetics Medical Spa (CN288739),,,,,,,SKINPEN,,,,,"$1,968",,,,,,,,,,,,,,,,,,,,,,,,,,,,
Wendy Shepherd,Shadid Plastic Surgery Associates (CN041542),,,,,,,SKINPEN,,"$5,952",$0,,,,,,,,,,,,,,,,,,,,,,,,,,,,,,
Wendy Shepherd,Skinlab Injectables (CN172164),,,,,,,SKINPEN,,"$1,728",,,"$1,728","$1,728",,,,,,,,,,,,,,,,,,,,,,,,,,,
Wendy Shepherd,Skinworks (CN289226),,,,,,,SKINPEN,,$984,,"$1,728",,"$1,728",,,,,,,,,,,,,,,,,,,,,,,,,,,
Wendy Shepherd,SMILE STUDIO OF MWC (CN289424),,,,,,,SKINPEN,,,,,"$1,728",,,,,,,,,,,,,,,,,,,,,,,,,,,,
Wendy Shepherd,TessAesthetics (CN289756),,,,,,,SKINPEN,,$0,$0,,"$1,968",,,,,,,,,,,,,,,,,,,,,,,,,,,,
Wendy Shepherd,The Aesthetics Place Med Spa (CN289769),,,,,,,SKINPEN,,,,"$1,728",,,,,,,,,,,,,,,,,,,,,,,,,,,,,
Wendy Shepherd,The Lara Clinic (CN196666),,,,,,,SKINPEN,,,"$1,728",,,,,,,,,,,,,,,,,,,,,,,,,,,,,,
Wendy Shepherd,The Plaza Aesthetics (CN246196),,,,,,,SKINPEN,,,,,"$1,728",,,,,,,,,,,,,,,,,,,,,,,,,,,,
Wendy Shepherd,The Skin Clinic (CN289801),,,,,,,SKINPEN,,,,,"$5,484",,,,,,,,,,,,,,,,,,,,,,,,,,,,
Wendy Shepherd,The Skin Studio by Mac (CN289279),,,,,,,SKINPEN,,,"$2,208",,,,,,,,,,,,,,,,,,,,,,,,,,,,,,
Wendy Shepherd,The Treatment Room (CN198455),,,,,,,SKINPEN,,"$1,728","$4,680","$2,952","$4,680","$5,424",,,,,,,,,,,,,,,,,,,,,,,,,,,
Wendy Shepherd,Weaver Clinics (CN206678),,,,,,,SKINPEN,,,"$3,504","$3,504",,,,,,,,,,,,,,,,,,,,,,,,,,,,,
Wendy Shepherd,Wheeler Med Spa (CN196663),,,,,,,SKINPEN,,"$1,872","$6,658",,,,,,,,,,,,,,,,,,,,,,,,,,,,,,
Wendy Shepherd,Wild State Wellness + Aesthetics (CN269538),,,,,,,SKINPEN,,,"$7,723","$5,228",,$0,,,,,,,,,,,,,,,,,,,,,,,,,,,
Wendy Shepherd,Total,,,,,,,,,"$38,719","$50,741","$79,095","$57,739","$51,463",,,,,,,,,,,,,,,,,,,,,,,,,,,
Total,,,,,,,,,"$19,114","$768,795","$771,463","$1,424,848","$1,138,167","$720,785",,,,,,,,,,,,,,,,,,,,,,,,,,,
,,,,,,,,,,,,,,,,,,,,,,,,,,,,,,,,,,,,,,,,,
,,,,,,,,,,,,,,,,,,,,,,,,,,,,,,,,,,,,,,,,,
,,,,,,,,,,,,,,,,,,,,,,,,,,,,,,,,,,,,,,,,,
